Winery,Wine name,Vintage,Region,Country,Regional wine style,Average rating,Scan date,Scan/Review Location,Your rating,Your review,Personal Note,Wine type,Drinking Window,Link to wine,Label image
Casa Santa Eufemia,Tawny Porto,,Porto,Portugal,Tawny Port,3.9,2026-03-09 15:57:32,,4.0,"Mycket gott, lagrad längre, ser nästan ut som en full barolo i färgen. Mycket mindre fruktbomb, tertiära toner. gott",,Fortified Wine,,https://www.vivino.com/wines/2775890,https://images.vivino.com/labels/V1das1PwQquRfm4E0ZXu1A.jpg
Casa Santa Eufemia,Ruby Porto,,Porto,Portugal,Ruby Port,3.6,2026-03-09 15:56:45,,3.8,"Fruktbomb, fylligt och sött! Gott, del av provning hos The Tasting Room",,Fortified Wine,,https://www.vivino.com/wines/3811927,https://images.vivino.com/labels/NSDjETClTbufqvbYjvFPXQ.jpg
Quinta do Portal,Porto Fine White,,Porto,Portugal,White Port,3.7,,,3.9,"Friskt, apelsin, aprikos.",,Fortified Wine,,https://www.vivino.com/wines/1627406,
Reynolds Wine Growers,Carlos Reynolds,,Alentejano,Portugal,Southern Portugal Red,3.6,,,4.0,"Fantastiskt! På The Tasing Room i Cascais, här har vi ek, lätt torrt, stor kropp. Dracks till kött, sardiner, chorizo och mera!",,Red Wine,,https://www.vivino.com/wines/1559587,
Quinta da Biaia,750 Metros de Altitude Tinto,,Beira Interior,Portugal,Central Portugal Red,3.8,,,3.9,"Halvtorrt, torkade russin, syrlighet/friskhet.",,Red Wine,,https://www.vivino.com/wines/165960994,
Quinta da Biaia,750 Metros de Altitude Chardonnay,2019,Beira Interior,Portugal,Central Portugal White,3.7,2026-03-08 22:52:29,,,,,White Wine,,https://www.vivino.com/wines/166654685,https://images.vivino.com/labels/nKKpB1eLTHuyoI5NsJNH-Q.jpg
,,,,,,,2026-03-08 19:03:20,,,,,,,,https://images.vivino.com/labels/xQNXnYEYRKiCecKx-I9QYA.jpg
Quinta de São Lourenço,Ethos Palhete,,Beira Interior,Portugal,Central Portugal Red,3.9,,,3.9,"Mycket torrt, men vilken friskhet! Inget jag kan dra likheter till. Syrligt och något svag örtighet.",,Red Wine,,https://www.vivino.com/wines/176385425,
,,,,,,,2026-03-06 11:28:41,,,,,,,,https://images.vivino.com/labels/LYBY4s_9RduqjyEHIwE1Jw.jpg
Zahel,St. Laurent Maurerberg,,Wien,Austria,Austrian St. Laurent Red,3.6,2026-03-03 17:34:37,,3.8,"Lätt and enkelt, mogna bär, hög syra. Fantastiskt gott, tack @[1|68811512|Janine Elverskog]",,Red Wine,,https://www.vivino.com/wines/157436292,https://images.vivino.com/labels/DmTKAG8WStqc0Z9eIfJS3Q.jpg
Domaine des Tourelles,Marquis des Beys Rouge,2019,Bekaa Valley,Lebanon,Lebanese Red,4.0,2026-03-02 17:13:30,,4.0,"Mycket torrt. Friska bär, lite juicigt. hallon, lakrits, ek.",,Red Wine,,https://www.vivino.com/wines/166403188,https://images.vivino.com/labels/PT2WUfzDSGGbYzgUro_9Aw.jpg
Domaine de l'Argenteille,Tramontane Terrasses du Larzac,2024,Terrasses du Larzac,France,Languedoc-Roussillon Red,3.8,,,3.9,"Lagom maffigt, mycket vanilj, bra ek, syran är tydlig. Passade perfekt till klassiskt långkok! Bra bang for buck!",,Red Wine,,https://www.vivino.com/wines/181071097,
Trediberri,Bricco Mollea Dogliani,2024,Dogliani,Italy,Northern Italy Red,3.8,2026-02-27 15:05:48,,3.9,"Maffigare än förväntat, relativt låg syra, stora smaker av vanilj, trä och solmogna hallon.",,Red Wine,,https://www.vivino.com/wines/180281547,https://images.vivino.com/labels/oniQ7BktQAWzNPAXj7Tj9g.jpg
Canopy,Tres Patas Garnacha,2022,Méntrida,Spain,Spanish Grenache,3.7,2026-02-27 15:03:59,,,,,Red Wine,,https://www.vivino.com/wines/178047507,https://images.vivino.com/labels/8U7ySfjFShyXivPPGIWOnA.jpg
Exire,Negroamaro - Primitivo,,Puglia,Italy,Southern Italy Red,3.7,2026-02-21 19:29:46,,3.7,"Fruktigt enligt primitivon, lite mer textur och något som bryter av, lätt lakrits i eftersmaken, kanske tack vare negroamaron som ger liteeee karaktär. Ok, lättdrucket. Torrt. Ganska hög syra",,Red Wine,,https://www.vivino.com/wines/176122084,https://images.vivino.com/labels/294Ho79NSY-7SzVcZTR2_A.jpg
Geografico,Le Mire Toscana Rosso,2022,Toscana,Italy,Tuscan Red,3.3,,,3.6,"Fruktigare, torrare hållet. Ett vin med ingen större eftersmak, men inga dåliga smaker. Mycket mycket lättdrucket, bra ""ingångsvin"" till en intresserad. Positivt förvånad!",,Red Wine,,https://www.vivino.com/wines/171434311,
Geografico,Le Mire Toscana Rosso,,Toscana,Italy,Tuscan Red,3.3,2026-02-20 20:09:44,,,,,Red Wine,,https://www.vivino.com/wines/1504230,https://images.vivino.com/labels/pAOMdAyNQuGQyKW715MKGQ.jpg
Château Les Trois Manoirs,Médoc,,Médoc,France,Bordeaux Médoc,3.7,,,3.4,"Inte alla förtjust i denna syra i röda viner, tillsammans med torrheten blir det inte alls så gott. Problem med korken, men är det helt ok. Definitivt mer tertiära smaker.",,Red Wine,,https://www.vivino.com/wines/3364355,
,S+S+R Silent Shade Rosato,,Puglia,Italy,Southern Italy Rosé,4.0,2026-02-14 20:20:27,,3.8,"Mycket syrligt, typisk lätt rose.
Spring wines @[1|68811512|Janine Elverskog]",,Rosé Wine,,https://www.vivino.com/wines/181360725,https://images.vivino.com/labels/jQZAul81RNWiqsgturJsPA.jpg
,S+S+R Silent Shade Rosato,,Puglia,Italy,Southern Italy Rosé,4.0,2026-02-14 20:17:15,,,,,Rosé Wine,,https://www.vivino.com/wines/181360725,https://images.vivino.com/labels/gMceuM10Qc-YgMl0VzE9hQ.jpg
,,,,,,,2026-02-14 20:17:01,,,,,,,,https://images.vivino.com/labels/KPSl6HBaR7yuOtjLzc5HQg.jpg
Our Lady of Guadalupe,Pinot Noir,,Sta. Rita Hills,United States,Californian Sta. Rita Hills Pinot Noir Red,4.3,2026-02-14 20:16:48,,,,,Red Wine,,https://www.vivino.com/wines/175209374,https://images.vivino.com/labels/sD-WO6NjQySW6_H_CGUYUA.jpg
Château Les Trois Manoirs,Médoc,2014,Médoc,France,Bordeaux Médoc,3.7,2026-02-14 12:58:53,,,,,Red Wine,,https://www.vivino.com/wines/25718223,https://images.vivino.com/labels/U9ZRTb3LTuGPjDtw54q0QQ.jpg
Ricossa,Campolibero Barbaresco,2021,Barbaresco,Italy,Italian Barbaresco,4.0,2026-02-13 14:27:46,,,,,Red Wine,,https://www.vivino.com/wines/175131276,https://images.vivino.com/labels/73v_90TdQjiu43eKRTP-kQ.jpg
Catena,Appellation Paraje Altamira Malbec,2023,Paraje Altamira,Argentina,Argentinian Uco Valley Malbec Red,4.0,,,3.9,"Gott! Men inte helt övertygad, här snackar vi mycket parfym, doften är jämförbar med något saftigt, syltigt.",,Red Wine,,https://www.vivino.com/wines/175053501,
Xavier Vignon,Châteauneuf-du-Pape,2022,Châteauneuf-du-Pape,France,Southern Rhône Châteauneuf-du-Pape Red,4.1,2026-02-12 17:17:28,,3.9,"Inget dåligt vin, men tycker inte prislappen är så himla lockande. Läder, mörk frukt, något spritigare.",,Red Wine,,https://www.vivino.com/wines/170651900,https://images.vivino.com/labels/Bi9SxFmYRZasP0Q1Es2GiQ.jpg
La Molla,Montepulciano d'Abruzzo Riserva,,Montepulciano d'Abruzzo,Italy,Italian Montepulciano d'Abruzzo,3.9,,,3.9,"Mycket frukt här, dructypisk. Relativt hög syra, medeltorrt. Mjukt och mycket trevligt! Blåbär, frukt, ek.",,Red Wine,,https://www.vivino.com/wines/182156635,
Grande Alberone,Black Bio Organic Rosso,,Vino d'Italia,Italy,Italian Red,4.0,2026-02-01 12:52:42,,,,,Red Wine,,https://www.vivino.com/wines/146514671,https://images.vivino.com/labels/xpeziWjJTbq1aT-XtSUgxQ.jpg
Boschendal,Reserve Collection Vin d'Or,2016,Stellenbosch,South Africa,South African Dessert,4.1,2026-01-31 21:41:01,,4.1,"Knappt druckit söta viner, detta från SA.

Apelsinskal, persika, honung, något spritigt i smaken. Sött men inte allt för mycket, väldigt gott!",,Dessert Wine,,https://www.vivino.com/wines/156785283,https://images.vivino.com/labels/IFt5ZtG6QC29WQ5ccKdSTQ.jpg
Corte Aurelio,Syrah,,Sicilia,Italy,Southern Italy Red,3.2,,,3.8,"Torrare, tanniner. Lite syrliga röda bär som sen övergår i mörka bär, och ännu en torrhet. Lättdrucket, dracks lite kylt!",,Red Wine,,https://www.vivino.com/wines/158169687,
Boschendal,Reserve Collection Vin d'Or,2016,Stellenbosch,South Africa,South African Dessert,4.1,2026-01-31 18:40:50,,,,,Dessert Wine,,https://www.vivino.com/wines/156785283,https://images.vivino.com/labels/w4M9zGmYRAaXE-yfaw87aw.jpg
Mauro Veglio,Langhe Nebbiolo Angelo,2023,Langhe,Italy,Italian Nebbiolo,3.8,,,4.1,"Frisk nebbiolo, grippiga tanniner men med syra som ger lätthet. Syrliga hallon, frukter och något mörkare, lakrits och läder. Blev några flaskor till, detta är en ny favorit... mycket gott!",,Red Wine,,https://www.vivino.com/wines/178242740,
Canopy,Tres Patas Garnacha,,Méntrida,Spain,Spanish Grenache,3.7,,,,,,Red Wine,,https://www.vivino.com/wines/3750901,
Perez Barquero,Finca la Cañada Albarizas Verdejo,2019,Montilla-Moriles,Spain,Spanish Verdejo,3.8,2026-01-30 21:14:56,,,,,White Wine,,https://www.vivino.com/wines/164364321,https://images.vivino.com/labels/VWXEtAzrRJKS_mQps42FdA.jpg
Mauro Veglio,Langhe Nebbiolo Angelo,2023,Langhe,Italy,Italian Nebbiolo,3.8,2026-01-30 10:48:22,,,,,Red Wine,,https://www.vivino.com/wines/178242740,https://images.vivino.com/labels/UxchKIvXQd6J0FSAEpLoYg.jpg
Bolla,Soave Superiore Classico Tufaie,,Soave Superiore Classico,Italy,Italian Soave,3.9,,,3.9,"Detta gillar jag, inte druckit så mycket vitt! (ska bättra mig) Men detta var friskt, men ändå med en rätt bra karaktär! Backlog så inga större toner.",,White Wine,,https://www.vivino.com/wines/2797083,
Enrique Mendoza,Santa Rosa,2020,Alicante,Spain,Spanish Red,4.1,2026-01-24 17:13:31,,4.0,"Lite annorlunda mot det jag vanligtvis dricker. Pappa som tagit med hem från vingården. 

Hallon, lakrits och vanilj. Lite syltigare! Gott
 oak vanilla",,Red Wine,,https://www.vivino.com/wines/163266893,https://images.vivino.com/labels/eSVeBP-mQjOFxjf7YUMHrQ.jpg
Château Lapelletrie,Saint-Émilion Grand Cru,,Saint-Émilion Grand Cru,France,Bordeaux Saint-Émilion,4.0,,,3.9,"Gott! Typisk mineralitet. Rätt fruktig, väldigt syrlig, bärig rund.",,Red Wine,,https://www.vivino.com/wines/2941117,
Bodegas del Rosario,Gran Viña Ucenda Monastrell de Montaña,2021,Bullas,Spain,Spanish Monastrell,3.7,2026-01-17 16:17:18,,,,,Red Wine,,https://www.vivino.com/wines/179315830,https://images.vivino.com/labels/YbSfbkioRjq2ZEOwR-vdkA.jpg
Pasqua Vigneti e Cantine,Famiglia Pasqua Valpolicella Ripasso Superiore,2022,Valpolicella Ripasso,Italy,Italian Ripasso,3.6,2026-01-11 00:47:49,,3.8,"Gott vin detta! Utmärkt till mat, men hade väntat mig något lite lättare. Här har vi rätt stort vin, lagom syra o tanniner med mörka bär och ek. Inte den typiske ripasson kanske!",,Red Wine,,https://www.vivino.com/wines/174114734,https://images.vivino.com/labels/BLw_A-lqS9GgBR1jsg_zlQ.jpg
Le Colline,Barbera d'Alba,2007,Barbera d'Alba,Italy,Italian Barbera,3.8,2026-01-09 18:21:51,,3.9,"Ny årgång! Tycket fortfarande att detta vin, likt några av de franska ""med ålder"" som dyker upp på hyllorna är lite oklara.. är det en riktig producent, osv osv. Vinet är iallafall inte dåligt, schysst barbera med bärighet, mogna hallon, men med lite tyngd av ek och lakrits! Ned ett snäpp sen senaste provet.",,Red Wine,,https://www.vivino.com/wines/180833955,https://images.vivino.com/labels/6Du3Wjc_TL6mb0yF6UTLnw.jpg
Le Colline,Barbera d'Alba,2007,Barbera d'Alba,Italy,Italian Barbera,3.8,2026-01-09 17:36:22,,,,,Red Wine,,https://www.vivino.com/wines/180833955,https://images.vivino.com/labels/ByFbDqfATf64_BaGboujjQ.jpg
Mudbrick Vineyard,Reserve Red Blend,2015,Hawke's Bay,New Zealand,New Zealand Bordeaux Blend,4.0,2026-01-09 12:01:12,,,,,Red Wine,,https://www.vivino.com/wines/156258377,https://images.vivino.com/labels/O4wSbq4yS_GWBfKncSOl5Q.jpg
Mudbrick Vineyard,Reserve Red Blend,2015,Hawke's Bay,New Zealand,New Zealand Bordeaux Blend,4.0,2026-01-09 12:00:37,,,,,Red Wine,,https://www.vivino.com/wines/156258377,https://images.vivino.com/labels/Q6i7GNYPTqOWxnDQyC_cjQ.jpg
Vino Noceto,Airola Road Vineyards Sagrantino,,Sierra Foothills,United States,,4.0,,,,,,Red Wine,,https://www.vivino.com/wines/176749922,
Elettra,Primitivo - Negroamaro,2024,Puglia,Italy,Southern Italy Red,4.3,2026-01-05 22:48:57,,3.9,"Mycket kraft i frukten här, mycket mörka bär. lite mäktigare tack vare negroamaron. Typisk primitivo annars, men med lite mer karaktär! Inte för sött, men ändå märkvärdig sötma.",,Red Wine,,https://www.vivino.com/wines/179539336,https://images.vivino.com/labels/N0FD63dIQrOnnLVM8n8naA.jpg
Shannon Ridge,Cabernet Sauvignon (High Elevation),2022,Lake County,United States,Californian Cabernet Sauvignon,3.9,,,3.9,"Mycket gott, lite mindre frukt än förväntat! Väldigt nycket trä, vanilj. Mörka frukter om något. Torrt, lagom hög syra.",,Red Wine,,https://www.vivino.com/wines/172301844,
Finca Almendral,Gran Reserva,2018,La Mancha,Spain,Spanish Tempranillo,3.5,2026-01-03 17:20:18,,3.8,"Tycker ändå att den förtjänar lite högre än Vivinos 3.5. Tjock fruktig bärig doft, mörka bär. Choklad och vaniljbomb.",,Red Wine,,https://www.vivino.com/wines/157441134,https://images.vivino.com/labels/r5Gbaq8pSsKs9YkHq8prWw.jpg
,,,,,,,2026-01-03 17:19:57,,,,,,,,https://images.vivino.com/labels/c91A3cwvR2Cdp3FvGdDV5g.jpg
Le Piane,Colline Novaresi Nebbiolo,2024,Colline Novaresi,Italy,Italian Nebbiolo,3.9,2026-01-02 13:36:06,,4.0,"Här har vi något jag gillade! Nebbiolo i annan stil, lite ""enklare"" om man vill formulera det så. Friska hallon, röda frukter, lite viol o lakrits. Gott nytt år 2026",,Red Wine,,https://www.vivino.com/wines/181017380,https://images.vivino.com/labels/e8A9rBD_RumUE5iNtEn6KQ.jpg
Idunn,Rålund Classic,,Wine of Sweden,Sweden,,3.5,2026-01-01 15:20:18,,3.6,"Kul att prova. Ändå lite vinkaraktär, dracks väl kyld. Ingen höjdare egentligen men är ändå rätt imponerad.",,Red Wine,,https://www.vivino.com/wines/160367298,https://images.vivino.com/labels/KGn_c4LoTwm0hUmvzkvvFw.jpg
Chronic,Purple Paradise,2020,Paso Robles,United States,Californian Red Blend,3.8,2025-12-31 01:12:20,,,,,Red Wine,,https://www.vivino.com/wines/163165345,https://images.vivino.com/labels/3UolklnVRVaeVK21lYhWlg.jpg
Tenuta Vignega,Valpolicella Ripasso Superiore,2023,Valpolicella Ripasso,Italy,Italian Ripasso,3.8,2025-12-25 16:26:27,,,,,Red Wine,,https://www.vivino.com/wines/174068169,https://images.vivino.com/labels/hr9-S5PaQpGjgHkgd39FDw.jpg
Col d'Orcia,Brunello di Montalcino,2020,Brunello di Montalcino,Italy,Italian Brunello,4.1,,,4.0,"Riktig smakbomb, men mycket mer fat, träighet, lakrits och läder än något annat. Mörka frukter.",,Red Wine,,https://www.vivino.com/wines/162922836,
Guldkula,Brut Champagne Premier Cru,,Champagne Premier Cru,France,French Champagne,3.8,2025-12-24 14:21:59,,3.9,"God jul! 

Helt okej, inte helt såld! Gröna äpplen, bra syra, något tuffare, brödigt.",,Sparkling,,https://www.vivino.com/wines/154284157,https://images.vivino.com/labels/AHbw156cT7O-VS9WxUxNMQ.jpg
Collina del Sole,Barolo,2021,Barolo,Italy,Italian Barolo,4.0,2025-12-24 11:06:48,,,,,Red Wine,,https://www.vivino.com/wines/173447048,https://images.vivino.com/labels/6NchaOADR3iQSt6DhVoE1g.jpg
Bonterra,Zinfandel,2022,Mendocino County,United States,Californian Zinfandel,3.7,2025-12-19 23:26:13,,4.0,"Detta gillar jag! Finns en pytteliten smak jag inte är förtjust i som jag inte kan sätta fingret på. Den är torrare, med bra och runda tanniner, riktigt len, men samtidigt kraftig. Bärig, träig lite lakrits. Lätta rosor, riktigt fruktbomb! 

Jämför denna idag med italiensk primitivo, denna är att föredra (dock olika prisklasser helt.) Senare ska Kroatisk original Zinfandel provas som köptes där nere i somras...

Skål, trevlig helg",,Red Wine,,https://www.vivino.com/wines/172059181,https://images.vivino.com/labels/dLTTPDxEQiChQBJP9640fw.jpg
Enrique Mendoza,Santa Rosa,2020,Alicante,Spain,Spanish Red,4.1,2025-12-19 17:54:26,,,,,Red Wine,,https://www.vivino.com/wines/163266893,https://images.vivino.com/labels/-b0wDyaKSXW_uQ3-yPhPKA.jpg
,Muro Primitivo,2022,Puglia,Italy,Southern Italy Primitivo,3.9,2025-12-18 17:38:54,,3.8,"Rätt gott! Kraftiga frukter, lite metallisk. Röda frukter, relativt lagom syra, sötare, inte torrt.",,Red Wine,,https://www.vivino.com/wines/177359216,https://images.vivino.com/labels/uxTLI-78RtGHL4aJWp44Iw.jpg
Shannon Ridge,Wrangler Red (High Elevation),2022,Lake County,United States,Californian Red Blend,3.8,2025-12-15 12:15:09,,,,,Red Wine,,https://www.vivino.com/wines/171642051,https://images.vivino.com/labels/sm3AgS9FR1eoL1s5WtZ6sg.jpg
Bonterra,Zinfandel,2022,Mendocino County,United States,Californian Zinfandel,3.7,,,,,,Red Wine,,https://www.vivino.com/wines/172059181,
Le Piane,Colline Novaresi Nebbiolo,2024,Colline Novaresi,Italy,Italian Nebbiolo,3.9,,,,,,Red Wine,,https://www.vivino.com/wines/181017380,
Renato Ratti,Ochetti Nebbiolo,2023,Langhe,Italy,Italian Nebbiolo,3.9,,,,,,Red Wine,,https://www.vivino.com/wines/173923332,
Schloss Reinhartshausen,Hattenheimer Wisselbrunnen Riesling Kabinett,2024,Rheingau,Germany,German Riesling,3.8,2025-12-05 12:25:23,,3.6,"Det var helt okej, men lite för sött för min smak. Honungsmelon, citrus!",,White Wine,,https://www.vivino.com/wines/181990309,https://images.vivino.com/labels/in1Df2scRKmTepY_lJxvhQ.jpg
,,,,,,,2025-12-05 12:25:09,,,,,,,,https://images.vivino.com/labels/sMSj-UulSnOTt34neondiQ.jpg
,,,,,,,2025-12-01 09:55:45,,,,,,,,https://images.vivino.com/labels/63D1H_YzT9-oXwjl9FZayQ.jpg
Casteloro,Amarone della Valpolicella,,Amarone della Valpolicella,Italy,Italian Amarone,4.0,,,3.9,"Bra amarone, kraftigt med frukten, som förväntat! Lite spritig i smaken, annars mycket bra! raisin oak plum",,Red Wine,,https://www.vivino.com/wines/159835753,
Domaine de Piéblanc,Les Hauts Beaumes-de-Venise,2023,Beaumes-de-Venise,France,Southern Rhône Red,4.1,2025-11-29 13:17:51,,4.0,"GS, 50-50. Dracks till salsicciapasta med rigatoni, mycket gott. Lite torrare, men med perfekt lagom syra, fruktigt, mörka bär",,Red Wine,,https://www.vivino.com/wines/180098026,https://images.vivino.com/labels/53zcQTNVSl-lczLzdsnTFw.jpg
G.D. Vajra,Langhe Nebbiolo,2024,Langhe,Italy,Italian Nebbiolo,3.9,2025-11-28 18:58:25,,4.0,"Dracks lätt kylet.

Mycket lätt, roser, frukt och klara toner av trä. Mycket fruktigt, och saftigt, lagom hög syra!

Mycket gott i år igen!",,Red Wine,,https://www.vivino.com/wines/179684290,https://images.vivino.com/labels/6F3cDCNWQDaKwIJS_YJtsA.jpg
,,,,,,,2025-11-28 18:58:14,,,,,,,,https://images.vivino.com/labels/ldPReWynRgGxJqHp-dMgOw.jpg
Zahel,St. Laurent Maurerberg,,Wien,Austria,Austrian St. Laurent Red,3.6,2025-11-25 20:54:43,,,,,Red Wine,,https://www.vivino.com/wines/157436292,https://images.vivino.com/labels/ZxqAfmutSbmZIYY2mwQ15g.jpg
Longaví Wines,Glup Chenin Blanc,,Colchagua Valley,Chile,,3.7,,,3.8,"Backlog: Mycket lättdrucket när väl nedkylt, cirtrus, lite honungsmelon.",,White Wine,,https://www.vivino.com/wines/157381329,
Cantina Valpolicella Negrar,Castelmare Amarone della Valpolicella Classico,,Amarone della Valpolicella Classico,Italy,Italian Amarone,3.9,2025-11-22 19:17:55,,3.9,"Tydlig appsimento- fyllig, mycket russinsaktigt, plommon och jordgubb.",,Red Wine,,https://www.vivino.com/wines/59303596,https://images.vivino.com/labels/cuF5jwyLQPeOds8xZP0PGA.jpg
L'Archetipo,Verdeca Sette Lune,,Puglia,Italy,Southern Italy White,3.8,2025-11-22 19:16:36,,3.9,"Väldigt hårfin gräns mellan ett lite sötare och torrare vitt. Päron, lite lite smörigt på ett mycket positivt sätt!",,White Wine,,https://www.vivino.com/wines/156603715,https://images.vivino.com/labels/DzBUHYdLSo2f-jSJ5jpNsg.jpg
Alessandro e Gian Natale Fantino,Rosso dei Dardi,2023,Piemonte,Italy,Italian Nebbiolo,3.7,2025-11-21 17:21:15,,4.0,"Satan i gatan! Efter några timmar i karaff öppnade denna upp sig som inget annat! Detta är det mest prisvärda jag druckit på ett tag, ligger lätt uppe bland några av de billigare Barolo-vinerna... 

100% Nebbiolo under Rosso-namn. Bröderna som äger gården ""orkar inte med pappersarbetet"", ""gillar man viner gör man, ingen DOC ska bestämma det"" - Citat från vinmakaren. 

Trevlig helg, Skål!",,Red Wine,,https://www.vivino.com/wines/173965667,https://images.vivino.com/labels/C6_vm3oPSymYYKGY0cWsZQ.jpg
La Spinetta,Langhe Nebbiolo,2024,Langhe,Italy,Italian Nebbiolo,4.0,2025-11-21 12:33:06,,,,,Red Wine,,https://www.vivino.com/wines/180082375,https://images.vivino.com/labels/Pw-L7vBUQjeAKNcwz9oFpw.jpg
Alessandro e Gian Natale Fantino,Rosso dei Dardi,2023,Piemonte,Italy,Italian Nebbiolo,3.7,2025-11-21 12:32:21,,,,"189kr tillfälliga, panache :- 21/11-25",Red Wine,,https://www.vivino.com/wines/173965667,https://images.vivino.com/labels/G1T-jJn9S1-4-OAC5CbGAA.jpg
Fattoria Colleallodole Milziade Antano,Montefalco Sagrantino,,Montefalco Sagrantino,Italy,Central Italy Red,4.2,,,,,,Red Wine,,https://www.vivino.com/wines/3783877,
Di Majo Norante,Moli Rosso,2023,Terre degli Osci,Italy,Southern Italy Red,3.5,2025-11-14 20:53:27,,3.9,"Förstår faktiskt inte alls vinets vivino-poäng! Detta är ett bra vin!

Lite torrt, inga sprängande frukter som kan förväntas av Monte.. men bra kryddighet, och mycket spännande med aglianico! bra band for buck! pepper cherry",,Red Wine,,https://www.vivino.com/wines/177584541,https://images.vivino.com/labels/pp24THHsTaqDlXVejmgmVA.jpg
Antonelli San Marco,Sagrantino Montefalco,2019,Montefalco,Italy,Central Italy Red,4.1,,,,,,Red Wine,,https://www.vivino.com/wines/160493114,
Colognola Ai Colli,Valpolicella Superiore Ripasso,2022,Valpolicella Ripasso,Italy,Italian Ripasso,3.9,2025-11-13 17:26:21,,,,,Red Wine,,https://www.vivino.com/wines/178408818,https://images.vivino.com/labels/DbNBtuevTKi-b70TZXmiXg.jpg
,,,,,,,2025-11-13 17:26:06,,,,,,,,https://images.vivino.com/labels/0Smf71CgSuiNLJuBN2u7hw.jpg
Cecchi,Storia di Famiglia Chianti Classico,2022,Chianti Classico,Italy,Italian Chianti Classico Red,3.7,2025-11-04 17:50:27,,3.8,"Lätt fruktigt, lite juicigt. Mineraler, torrt, lagomhög syra! kätt och funkar bra till det mesta",,Red Wine,,https://www.vivino.com/wines/170412927,https://images.vivino.com/labels/i5Z__hjzRMq0GwkbtbZXuQ.jpg
Longaví Wines,Glup Carignan,2023,Maule Valley,Chile,,3.8,,,3.9,"Mycket lätt, glup glup indeed. Vanilj, röda bär, hade kanske ej köpt igen men tycker det var trevligt mingelvin! Skål",,Red Wine,,https://www.vivino.com/wines/178822709,
Longaví Wines,Glup Carignan,,Maule Valley,Chile,,3.8,2025-11-01 22:19:44,,,,,Red Wine,,https://www.vivino.com/wines/166400983,https://images.vivino.com/labels/VPFsVIVUTqWghdEJqQY1MQ.jpg
L. A. Cetto,Cortesia De Hitachi Cabernet Sauvignon - Zinfandel - Petite Sirah,2023,Valle de Guadalupe,Mexico,,3.6,2025-11-01 22:17:20,,3.8,"Juicigt, saftigt, lite tjockare. Spännande zinfandel, någorlunda typisk. hallon, lätt lakrits. jordgubbar.",,Red Wine,,https://www.vivino.com/wines/174235228,https://images.vivino.com/labels/Ymjr3ezzQT2qlTsmb8oXxA.jpg
Bodegas Faustino,I Gran Reserva,2016,Rioja Alavesa,Spain,Spanish Rioja Red,4.1,2025-11-01 17:50:04,,3.9,"Lite sluten i början. Mörka bär, mogna, träigt, vanilj. Gott",,Red Wine,,https://www.vivino.com/wines/131276012,https://images.vivino.com/labels/sAYB1xoISySIlP7BFIaEwQ.jpg
Moretta,Ceniciento Cabernet Sauvignon,2022,Maule Valley,Chile,Chilean Cabernet Sauvignon,3.8,2025-10-31 16:11:50,,4.0,"Gott från Chile! 

Torrt rödtjut, mörka frukter, lite hallon, mycket uppenbara noter av träighet från dess franska ekfat. Rätt bra och lång eftersmak, pangvin!",,Red Wine,,https://www.vivino.com/wines/181632351,https://images.vivino.com/labels/yH_uzykLQUaLLHsKrUvk-Q.jpg
Château Mangot,Château La Brande Castillon - Côtes de Bordeaux,2019,Castillon - Côtes de Bordeaux,France,Bordeaux Red,3.9,2025-10-31 10:12:26,,,,,Red Wine,,https://www.vivino.com/wines/161865646,https://images.vivino.com/labels/hhyNJmuoSDq7V6_Zmipzig.jpg
Bertani,Catullo Valpolicella Ripasso Classico Superiore,2020,Valpolicella Ripasso Classico,Italy,Italian Ripasso,3.9,,,,,,Red Wine,,https://www.vivino.com/wines/165434177,
Moretta,Ceniciento Cabernet Sauvignon,2022,Maule Valley,Chile,Chilean Cabernet Sauvignon,3.8,,,,,,Red Wine,,https://www.vivino.com/wines/181632351,
Luigi Einaudi,Dogliani,2013,Dogliani,Italy,Northern Italy Red,3.7,2025-10-24 15:18:36,,4.0,"Kul med lite mognare barolo.
Inte helt övertygad, syran skriker nästan! Träigt, gröna äpplen, choklad.

Updt: Höjd efter någon timme, mycket mjukare.",,Red Wine,,https://www.vivino.com/wines/3844175,https://images.vivino.com/labels/2jnk_YX6SNKcb4dE9o3_4A.jpg
Luigi Einaudi,Dogliani,2013,Dogliani,Italy,Northern Italy Red,3.7,2025-10-24 15:17:44,,,,,Red Wine,,https://www.vivino.com/wines/3844175,https://images.vivino.com/labels/t1YgOUF8SHGarMIAQg573w.jpg
Tenuta San Guido,Le Difese,2023,Toscana,Italy,Tuscan Red,3.8,2025-10-17 12:01:58,,,,,Red Wine,,https://www.vivino.com/wines/173723532,https://images.vivino.com/labels/tT-9lwCATNeQ__QBrV1DHA.jpg
Tenuta Sant'Antonio,Monti Garbi Valpolicella Ripasso Superiore,,Valpolicella Ripasso,Italy,Italian Ripasso,3.9,,,4.0,"Bra ripasso här, lite parfymigare än förväntat, högre syra. Annars stilenlig.",,Red Wine,,https://www.vivino.com/wines/1502159,
Zenato,Valpolicella Classico Superiore,2021,Valpolicella,Italy,Italian Valpolicella Red,3.9,2025-10-12 19:25:00,,4.0,"Lättdrucken, fruktig, lätt träighet, bra syra, lagom mineral
Är förvånad över hur bra smaken håller för denna prisklass!

Måste prova Zenatos ripasso härnäst!

Skål!",,Red Wine,,https://www.vivino.com/wines/168010044,https://images.vivino.com/labels/xu3dYFoKRc6M8igUKKyW6w.jpg
Vietti,Arneis Roero,2022,Roero,Italy,Northern Italy White,4.0,2025-10-12 18:25:31,,3.9,"Miniflaska!

Gott, kraftigt, päron

BS, 59kr",,White Wine,,https://www.vivino.com/wines/170410855,https://images.vivino.com/labels/fyh58zooSBCODI1v87Rgyg.jpg
Zenato,Valpolicella Classico Superiore,2021,Valpolicella,Italy,Italian Valpolicella Red,3.9,2025-10-12 16:16:20,,,,,Red Wine,,https://www.vivino.com/wines/168010044,https://images.vivino.com/labels/htmRLbMWRd2I34LvRwLUAg.jpg
Fernand Engel,Cuvée Fernand Pinot Noir,2024,Alsace,France,Alsace Pinot Noir,3.8,2025-10-11 17:46:26,,,,,Red Wine,,https://www.vivino.com/wines/180872735,https://images.vivino.com/labels/PhPBrovTRBylTh9hHGdM5A.jpg
,,,,,,,2025-10-11 17:46:11,,,,,,,,https://images.vivino.com/labels/UR_QVfW1RKOflVuUBXgTiA.jpg
Mazzei,Poggio Badiola,2022,Toscana,Italy,Tuscan Red,3.7,2025-10-10 19:19:30,,,,,Red Wine,,https://www.vivino.com/wines/171353658,https://images.vivino.com/labels/lDUxyXNjRB2gpKImWp8g_A.jpg
Antiche Terre Venete,Valpolicella Ripasso,2021,Valpolicella Ripasso,Italy,Italian Ripasso,3.8,2025-10-10 16:06:01,,3.9,"Enkel ripasso, söta russin, plommon, lätt vanilj! gott",,Red Wine,,https://www.vivino.com/wines/168025772,https://images.vivino.com/labels/lTOap3ysR6me9LtSPJySOg.jpg
Vietti,Arneis Roero,2022,Roero,Italy,Northern Italy White,4.0,2025-10-10 13:03:12,,,,,White Wine,,https://www.vivino.com/wines/170410855,https://images.vivino.com/labels/iJQJ5ETCSBipPOBAQEbRlA.jpg
Roberto Voerzio,Disanfrancesco Nebbiolo,2022,Langhe,Italy,Italian Nebbiolo,4.0,2025-10-10 13:02:30,,,,,Red Wine,,https://www.vivino.com/wines/170605804,https://images.vivino.com/labels/Uof7JCF8QIqduFXZWpLixw.jpg
Luca Bosio,Truffle Hunter Leda Barolo,2018,Barolo,Italy,Italian Barolo,3.8,2025-10-10 13:01:37,,3.9,"Barolo med lågt pris! Värt det?
Direkt från vinkylen: Lite vass i alkoholsmaken, rosig, träig och mkt vanilj, choklad. Rätt stark, inte jätterund, lite skarpa tanniner. vanilla chocolate blackcurrant oak
Efter luftning: (Backlog) Syrligt, grönt äpple, fortsatt tema choklad, ek. Ingen större skillnad efter luftning.",,Red Wine,,https://www.vivino.com/wines/162153203,https://images.vivino.com/labels/5m9ebfugRl-xB3jLJ7ZkEQ.jpg
Iron Maiden,Darkest Red,,Douro,Portugal,Portuguese Douro Red,3.9,,,3.8,"Lustig etikett, inget jag själv hade nappat på! Men måste säga att jag är positivt förvånad!

Varit luftat ett tag, finns en rätt stor fruktighet, solmogen frukt. Något lite saftigt av detta, touch av citrus iom syran, och choklad. 

Lite åt det torrare hållet, rätt hög syra.",,Red Wine,,https://www.vivino.com/wines/178004642,
G.D. Vajra,Barbera - Freisa,,Piemonte,Italy,Northern Italy Red,4.0,,,4.1,"Fruktigt och syrligt, friskt på ett sätt!
Syrliga hallon, plommon.

Här har vi ett pangvin! Skål",,Red Wine,,https://www.vivino.com/wines/167554428,
Cantina Vignaioli del Morellino di Scansano,Morellino di Scansano Roggiano,2021,Morellino di Scansano,Italy,Tuscan Red,3.7,2025-10-03 15:06:05,,4.0,"Positivt förvånad! Förväntade mig något i stilen av en mineralig och stenig Chianti. 

Istället får vi ett lätt, fruktigt och välbalanserat vin! Lite blommigt, lite rosigt! Halvlång smak men perfekt bordsvin! Eftersmaken ger något kraftigt åt citrushållet, lätt lakrits. Mycket prisvärt",,Red Wine,,https://www.vivino.com/wines/169261815,https://images.vivino.com/labels/NQSl14HwRk236RzP8woC9w.jpg
Bodega Norton,Barrel Select Malbec,2023,Lujan de Cuyo,Argentina,Argentinian Lujan de Cuyo Malbec Red,3.6,2025-10-03 12:53:34,,,,,Red Wine,,https://www.vivino.com/wines/173688780,https://images.vivino.com/labels/8LrJr4HtSgeNvU_FPVBUsQ.jpg
Ripresa,Montepulciano d'Abruzzo,2012,Montepulciano d'Abruzzo,Italy,Italian Montepulciano d'Abruzzo,3.6,2025-10-02 18:52:45,,,,,Red Wine,,https://www.vivino.com/wines/159300875,https://images.vivino.com/labels/WHA4HoMGSG-43bhnQDp1tQ.jpg
Vinarija Vuina,Crljenak Štafileo,,Dalmatian Coast,Croatia,Croatian Red,4.0,2025-10-01 19:01:36,,,,,Red Wine,,https://www.vivino.com/wines/123902616,https://images.vivino.com/labels/S9-FOR4cSfmrIpxd2P8cIw.jpg
Aristocratico,Valpolicella Ripasso,2019,Valpolicella Ripasso,Italy,Italian Ripasso,3.8,2025-10-01 17:34:32,,,,,Red Wine,,https://www.vivino.com/wines/161077900,https://images.vivino.com/labels/dRDpuNLgQ8S0KBf2WPdHkg.jpg
Giacomo Grimaldi,Dolcetto d'Alba,2023,Dolcetto d'Alba,Italy,Northern Italy Red,3.7,2025-10-01 16:38:08,,4.0,"Favoritproducent! Lätt, fruktigt, bra syra och fina röda frukter. Torrt och relativt mjuka tanniner! Fint avslut med bra ekiga toner",,Red Wine,,https://www.vivino.com/wines/174067777,https://images.vivino.com/labels/dfFTGb-vSXqM51wLqyQkJA.jpg
Château La Couronne,Saint-Émilion Grand Cru,2019,Saint-Émilion Grand Cru,France,Bordeaux Saint-Émilion,4.0,2025-10-01 16:33:51,,3.8,"Påminnde väldigt mkt i eftersmaken av en ""fake bordeux"" (En med bra ålder men okänd producent, troligen uppköpt vin) jag drack i somras och druvorna visade sig vara desamma. 

Är lite kluven, i början var det extremt spretig, extremt mycket trädoft. Smakem var likvärdig, självfallet lite bärigare. Lite åt det torrare hållet, men med hög syra. 

efter luftning är jag vän lite mer övertygad men kan inte påstå att detta är min favoritstil, får prova flera. Trä, lakrits, hallon, viol. + till mat, ryggbiff.",,Red Wine,,https://www.vivino.com/wines/159907971,https://images.vivino.com/labels/JOz61J1BTOCj7K6eNe_OzQ.jpg
Charles de Fère,Brut Rosé Cuvée Jean-Louis,,Bourgogne,France,French Sparkling,3.4,,,3.4,"Inte så mycket smak, lätt, petrol.",,Sparkling,,https://www.vivino.com/wines/2577797,https://images.vivino.com/labels/KiGF708DT4-KUF-pO2XbeA.jpg
Cavalier Pepe,Terra del Varo Irpinia Aglianico,2023,Irpinia,Italy,Southern Italy Red,3.7,2025-09-27 16:22:59,,4.0,"Södra italiens Nebbiolo och jag är såld! 

Starka inslag av körsbär, plommon och lite strävare iom tanninerna! Syran är ändå rätt balanserad!",,Red Wine,,https://www.vivino.com/wines/177557023,https://images.vivino.com/labels/GlmS91yWS4GVivDUkFCBlw.jpg
Giribaldi,Cento Uve,,Langhe,Italy,Northern Italy Red,4.1,,,,,,Red Wine,,https://www.vivino.com/wines/4892553,
Cavalier Pepe,Terra del Varo Irpinia Aglianico,2023,Irpinia,Italy,Southern Italy Red,3.7,2025-09-26 12:28:06,,,,,Red Wine,,https://www.vivino.com/wines/177557023,https://images.vivino.com/labels/tEU4n2JPR5mHHeulyc7tEA.jpg
Château Pierre de Montignac,Médoc,2020,Médoc,France,Bordeaux Médoc,3.8,2025-09-26 12:27:13,,,,,Red Wine,,https://www.vivino.com/wines/162997761,https://images.vivino.com/labels/tRyNTv6rQKu-66wo1YJzEg.jpg
Giacomo Grimaldi,Dolcetto d'Alba,2023,Dolcetto d'Alba,Italy,Northern Italy Red,3.7,2025-09-26 12:26:33,,,,,Red Wine,,https://www.vivino.com/wines/174067777,https://images.vivino.com/labels/Bu76nMvoSr2sYzyZ9U-rgQ.jpg
Cavalier Pepe,Terra del Varo Irpinia Aglianico,2023,Irpinia,Italy,Southern Italy Red,3.7,2025-09-26 11:55:15,,,,,Red Wine,,https://www.vivino.com/wines/177557023,https://images.vivino.com/labels/azjhcNZBQLmohkWCJ2862A.jpg
Château Pierre de Montignac,Médoc,2020,Médoc,France,Bordeaux Médoc,3.8,2025-09-26 11:48:34,,3.5,"Inte alls som förväntat, nästan lite surt... vitpeppar, och parfym i eftersmaken.",,Red Wine,,https://www.vivino.com/wines/162997761,https://images.vivino.com/labels/8B7GzhgkSKikPzDbKqpzJA.jpg
Yangarra,Viognier,2010,McLaren Vale,Australia,Australian Viognier,3.8,2025-09-25 05:47:36,,,,,White Wine,,https://www.vivino.com/wines/5487783,https://images.vivino.com/labels/EYDlDj7eRLaS3NKokvynMg.jpg
Château Lapelletrie,Saint-Émilion Grand Cru,2020,Saint-Émilion Grand Cru,France,Bordeaux Saint-Émilion,4.0,,,,,,Red Wine,,https://www.vivino.com/wines/163633290,
Roberto Voerzio,Disanfrancesco Nebbiolo,,Langhe,Italy,Italian Nebbiolo,4.0,,,,,,Red Wine,,https://www.vivino.com/wines/154908278,
Cavalier Pepe,Terra del Varo Irpinia Aglianico,2023,Irpinia,Italy,Southern Italy Red,3.7,2025-09-21 20:48:23,,,,,Red Wine,,https://www.vivino.com/wines/177557023,https://images.vivino.com/labels/QG2XYUzIRmKiPqQ_mC0tkw.jpg
Blason de Bourgogne,Chardonnay Mâcon-villages,2020,Mâcon-Villages,France,Burgundy Macônnais White,3.5,2025-09-20 19:12:35,,3.8,"Mtcket fräsch chardonnay, fruktigt, inte för hög syra! perfekt till mingel och till att ha i risotton!",,White Wine,,https://www.vivino.com/wines/165011478,https://images.vivino.com/labels/RUxuOo1RS9K3mU6gQqThrw.jpg
Bonpas,Réserve de Bonpas Rouge,,Côtes-du-Rhône,France,Southern Rhône Red,3.6,2025-09-20 19:11:22,,3.7,"Lättdrucket, röda frukter, lite juicig, saknar något större struktur. Bra bordsvin!",,Red Wine,,https://www.vivino.com/wines/1961807,https://images.vivino.com/labels/LKUpHwrtR8WAAEdNzpU41w.jpg
Mirafiore,Dolcetto d'Alba,2020,Dolcetto d'Alba,Italy,Northern Italy Red,3.7,2025-09-20 18:05:14,,,,,Red Wine,,https://www.vivino.com/wines/166510567,https://images.vivino.com/labels/rn3cTHA4Sm2xt_XPmF0x2Q.jpg
Enzo Bartoli,Barbera d’Asti Superiore,2021,Barbera d'Asti,Italy,Italian Barbera,4.0,2025-09-18 18:54:32,,3.9,"Inte liks övertygad av kvalitén som senast. 

Ett mycket gott vin generellt, lättdrucket, lätta toner av ek och mycket röda bär, lingon. Hög syra som inte var lika behaglig.",,Red Wine,,https://www.vivino.com/wines/167475279,https://images.vivino.com/labels/Hah5DavkSHOBq7QX8kqoIw.jpg
Black Stallion,North Coast Cabernet Sauvignon,2022,North Coast,United States,Californian Cabernet Sauvignon,4.1,2025-09-18 16:07:17,,4.2,"Första Napan!

Spännande minst sagt, vilken upplevelse! 

Färg : Mörklila, ser ut som en koncentrerad saft, svarta vinbär!

Näsa: Kraftiga toner, lite stängd, mörka bär, björnbär, lätt ek och vanilj.

Smak: Tjockare i konsistensen, mörka bär, björnbär, cassis, vanilj och EK!

Funkar bra till pizza!",,Red Wine,,https://www.vivino.com/wines/178909484,https://images.vivino.com/labels/yndFykayTfy-TDIEDevI3g.jpg
Château La Tour de By,Médoc,2019,Médoc,France,Bordeaux Médoc,3.8,2025-09-18 13:25:28,,4.0,"Miniformat denna gång när man ska ha något enstaka glas till maten.

Färg: Rätt bra mörk färg, hade förväntat något mörkare, merloten kanske gör den ljusare...

Doft: Någorlunda stängd innan luftning, träig och syrliga bär

Smak: Innan dekantering rätt sträva tanniner, lagom syra och mycket bärigt, mörka, choklad. Efter var den lite mer åtkomlig, mycket trevligt, bären mycket sötare.",,Red Wine,,https://www.vivino.com/wines/159411640,https://images.vivino.com/labels/DmjNVoaLTxSHI_GiJqmJTQ.jpg
Còlpetrone,Memoira Montefalco Sagrantino,2016,Montefalco Sagrantino,Italy,Central Italy Red,4.0,,,,,,Red Wine,,https://www.vivino.com/wines/170026858,
Briziarelli,Montefalco Sagrantino,2020,Montefalco Sagrantino,Italy,Central Italy Red,4.0,,,,,,Red Wine,,https://www.vivino.com/wines/163543675,
San Fereolo,Il Provinciale,2020,Langhe,Italy,Italian Nebbiolo,4.0,2025-09-12 14:00:58,,,,,Red Wine,,https://www.vivino.com/wines/170928742,https://images.vivino.com/labels/GwAQXHFYSn6D5mQ6zAfXPw.jpg
Paolo Conterno,A Mont Langhe Nebbiolo,2023,Langhe,Italy,Italian Nebbiolo,3.8,2025-09-10 15:33:04,,,,,Red Wine,,https://www.vivino.com/wines/178667753,https://images.vivino.com/labels/w7M6wjw1Tfm1VxSUPys_MQ.jpg
Antonelli San Marco,Montefalco Rosso,2022,Montefalco,Italy,Central Italy Red,3.7,,,3.9,"Spännande när Sagrantingo-blendare dyker upp på SB. 

Ett mycket bra rosso, kraftigt och härligt tung struktur. tobak, vanilj, läder och plommon. 

Halvbalanserad, lite halvbäska tanniner, kan gynnas av luftning eller något år i kylen.",,Red Wine,,https://www.vivino.com/wines/172156065,
Luigi Einaudi,Barolo,2013,Barolo,Italy,Italian Barolo,4.1,,,,,,Red Wine,,https://www.vivino.com/wines/4294429,
Michel Tissot & Fils,Côtes du Jura Chardonnay,2023,Côtes du Jura,France,,3.8,2025-09-07 14:42:09,,,,,Dessert Wine,,https://www.vivino.com/wines/176291583,https://images.vivino.com/labels/dPFdZweVSpmQb52OQNfk8Q.jpg
Bodegas Roda,Roda Reserva Rioja,2023,Rioja,Spain,Spanish Rioja Red,4.2,,,,,,Red Wine,,https://www.vivino.com/wines/174709156,
Alberto Ballarin,Barolo Bussia,2021,Barolo,Italy,Italian Barolo,4.1,2025-09-07 10:31:56,,,,,Red Wine,,https://www.vivino.com/wines/173096918,https://images.vivino.com/labels/FIXO9nWGTJe4B9bWBTJbDQ.jpg
G.D. Vajra,Albe Barolo,2021,Barolo,Italy,Italian Barolo,4.0,2025-09-07 10:30:55,,,,,Red Wine,,https://www.vivino.com/wines/167241998,https://images.vivino.com/labels/0jLO1J8DSqq7LjCIB0Iiaw.jpg
Luigi Righetti,Capitel de Roari Amarone della Valpolicella Classico,2021,Amarone della Valpolicella Classico,Italy,Italian Amarone,4.1,2025-09-07 10:29:05,,,,,Red Wine,,https://www.vivino.com/wines/167246887,https://images.vivino.com/labels/9a6Enz-WTtK17PyursexbQ.jpg
G.D. Vajra,Langhe Nebbiolo,2024,Langhe,Italy,Italian Nebbiolo,3.9,2025-09-07 10:27:16,,,,,Red Wine,,https://www.vivino.com/wines/179684290,https://images.vivino.com/labels/ettOxNQSTP-qPSadm8LKPQ.jpg
Enzo Bartoli,Barbera d’Asti Superiore,2021,Barbera d'Asti,Italy,Italian Barbera,4.0,,,,,,Red Wine,,https://www.vivino.com/wines/167475279,
Bolla,Le Poiane Amarone della Valpolicella Classico,,Amarone della Valpolicella Classico,Italy,Italian Amarone,4.2,,,,,,Red Wine,,https://www.vivino.com/wines/13870542,
Bolla,Le Poiane Amarone della Valpolicella Classico,2019,Amarone della Valpolicella Classico,Italy,Italian Amarone,4.2,2025-09-07 10:24:29,,,,,Red Wine,,https://www.vivino.com/wines/160117034,https://images.vivino.com/labels/qKC9HcicT6CmC9O3ACI2vw.jpg
Domaine des Tourelles,Marquis des Beys Rouge,2019,Bekaa Valley,Lebanon,Lebanese Red,4.0,2025-09-07 10:23:23,,,,,Red Wine,,https://www.vivino.com/wines/166403188,https://images.vivino.com/labels/NrMDPdXeTAO3qzCCP2tvIw.jpg
Zenato,Valpolicella Classico Superiore,2021,Valpolicella,Italy,Italian Valpolicella Red,3.9,2025-09-07 10:21:45,,,,,Red Wine,,https://www.vivino.com/wines/168010044,https://images.vivino.com/labels/kqlWuGqCTQKAMR68ko03lg.jpg
Luigi Righetti,Capitel de Roari Amarone della Valpolicella Classico,2021,Amarone della Valpolicella Classico,Italy,Italian Amarone,4.1,,,,,,Red Wine,,https://www.vivino.com/wines/167246887,
Trediberri,Dogliani,2024,Dogliani,Italy,Northern Italy Red,3.9,,,,,,Red Wine,,https://www.vivino.com/wines/180526452,
Langlois,Crémant de Loire Cadence Extra Brut,,Crémant de Loire,France,French Crémant,4.0,,,,,,Sparkling,,https://www.vivino.com/wines/176319421,
Mormoraia,Trochus Chianti Colli Senesi Riserva,2020,Chianti Colli Senesi,Italy,Italian Chianti,4.2,2025-09-06 06:50:10,,,,,Red Wine,,https://www.vivino.com/wines/176467903,https://images.vivino.com/labels/tvL7XkzJTs6aLUUgmlO-Gw.jpg
Stoneleigh,Riesling,2024,Marlborough,New Zealand,New Zealand Riesling,3.7,2025-09-05 20:19:43,,3.9,"Mycket gott riesling, perfekt att bjuda på. Lätt i smaken och doften, mycket friskt. Gröna äpplen rakt igenom, lätt doft av petro.",,White Wine,,https://www.vivino.com/wines/179126645,https://images.vivino.com/labels/EMp5RtIwTN-jfPqnZgzdAA.jpg
Azienda Agricola Paolo Giordano,Dolcetto d'Alba,2023,Dolcetto d'Alba,Italy,Northern Italy Red,3.8,2025-09-05 17:13:14,,4.0,"Köpt i Rapallo, 15-18€

Hög syra, mjuka tanniner.
Syrliga röda frukter, lite lingon.. lakrits. 

Fantastisk och spännande Dolcetto, lite hög syra annars fantastisk profil.",,Red Wine,,https://www.vivino.com/wines/180099882,https://images.vivino.com/labels/gdXsei0BQDONQXcY6bhqFg.jpg
Istine,Chianti Classico,2021,Chianti Classico,Italy,Italian Chianti Classico Red,3.7,2025-09-04 17:31:09,,3.9,"Provar Chianti inför födelsedagsfirande. 

Denna Chinati är rätt typisk till smaken, men lite mindre jordig vilket ligger mig i smaken.

Riktigt riktigt torrt rödtjut, med hög syra. 

Träig och fruktigt, nästan lite omogna röda frukter.",,Red Wine,,https://www.vivino.com/wines/167926962,https://images.vivino.com/labels/shh5Wwa5SOifdePXSlvRaQ.jpg
Sopra Sasso,Valpolicella Ripasso,2017,Valpolicella Ripasso,Italy,Italian Ripasso,3.9,2025-09-02 17:46:16,,,,,Red Wine,,https://www.vivino.com/wines/150683975,https://images.vivino.com/labels/j0pOTo6DTu2vzwHOalcyJQ.jpg
Istine,Chianti Classico,2021,Chianti Classico,Italy,Italian Chianti Classico Red,3.7,2025-09-02 17:40:06,,,,,Red Wine,,https://www.vivino.com/wines/167926962,https://images.vivino.com/labels/O42fgmm6Q0WVEPLUsFZYZQ.jpg
Zeni,Vignealte Valpolicella Superiore,,Valpolicella,Italy,Italian Valpolicella Red,3.8,2025-08-29 18:11:26,,3.1,"Doften är inget o hänga i granen, smaken är väldigt platt, tecken på 2017 då frukten är rätt mogen, solmogen och söt, men allt annat är platt.",,Red Wine,,https://www.vivino.com/wines/8559571,https://images.vivino.com/labels/ThLBOXpcQjmLrAWzB0Yvdg.jpg
Benevelli Piero,La Costa Dolcetto d'Alba,2023,Dolcetto d'Alba,Italy,Northern Italy Red,3.7,2025-08-29 18:09:56,,4.0,"Går att dricka nu, nästan lite bubblig.
Druvenlig,  balanserad syra, och fruktighet. Mycket gott! @[1|68811512|Janine Elverskog]",,Red Wine,,https://www.vivino.com/wines/176928383,https://images.vivino.com/labels/Zm1fVitwRH-hxgN5sa0HTA.jpg
Zeni,Vignealte Valpolicella Superiore,,Valpolicella,Italy,Italian Valpolicella Red,3.8,2025-08-29 16:47:32,,,,,Red Wine,,https://www.vivino.com/wines/8559571,https://images.vivino.com/labels/P5Es-9JbRPSxH5lpR4u_GQ.jpg
Terra Madre,Plavac Mali Barrique,2021,Dalmatian Coast,Croatia,Croatian Dalmatian Coast Plavac Mali Red,3.8,2025-08-25 18:29:30,,,,,Red Wine,,https://www.vivino.com/wines/173587727,https://images.vivino.com/labels/FmDT0w9eRhuvXCcrrEDu1Q.jpg
Valiano,Chianti Classico,2022,Chianti Classico,Italy,Italian Chianti Classico Red,3.6,2025-08-24 17:18:50,,3.6,"Helt okej Chianti, lite för hög syra, och påminner lite om något naturigare. Jordig och lite svårtmottaglig. oak earthy",,Red Wine,,https://www.vivino.com/wines/171027833,https://images.vivino.com/labels/n5mG91DmTYy8jZJJ--oiSQ.jpg
Logan,Weemala Pinot Noir,2024,Orange,Australia,Australian Pinot Noir,3.6,2025-08-22 16:03:17,,3.6,"Pinot Noir, Australien för ovanlighetens skull. 

Doften är någorlunda sluten, lite jordig av sig. Rosigt.

Smaken är likt doften rosig, lätta röda bär. Pepprigt.

Färgen är tunn, lätt röd / rosa.

Inte mitt typ av vin, men kul att prova.",,Red Wine,,https://www.vivino.com/wines/177676979,https://images.vivino.com/labels/bWBeD5uVRjeoOGLBWhUuAw.jpg
Château Mont-Redon,Vignoble Abeille Châteauneuf-du-Pape,2021,Châteauneuf-du-Pape,France,Southern Rhône Châteauneuf-du-Pape Red,4.2,2025-08-17 18:22:00,,4.0,"Rätt kraftigt, rätt typiskt du-pape, sötare i smaken, mycket röda bär. Nästan lite sockerkristaller(?) kvar i glaset. något tyngre, träigt",,Red Wine,,https://www.vivino.com/wines/167142758,https://images.vivino.com/labels/Ok2oS0t5QYO-StyVbYwK4w.jpg
Terra Costantino,De Aetna Etna Rosso,2022,Etna,Italy,Southern Italy Red,3.8,2025-08-17 18:20:54,,3.9,"Spännande vin, påminner mig om en fransk flaska istället för en italiensk, det är lite sötare, väldigt lätt i färgen och rätt tunnt i färgen. Lite prfymigt minerals cherry",,Red Wine,,https://www.vivino.com/wines/171641918,https://images.vivino.com/labels/AxD9EXJMRQShBS6pTidQyg.jpg
Cantine di Ora,Amicale,2020,Veneto,Italy,Northern Italy Red,4.0,2025-08-17 16:44:16,,3.8,"En rätt tjock rosso, halvkraftig. Solmogna russin, rätt sött. Balanserad syra, mogna tanniner.",,Red Wine,,https://www.vivino.com/wines/162941932,https://images.vivino.com/labels/5xGgmCHgS_ywbAVqbT3E2A.jpg
Château Briand,Bordeaux,2011,Bordeaux,France,Bordeaux Red,3.6,2025-08-16 17:03:16,,3.5,"Lite för sött för min smak, är detta en blandning av olika safter, fake-producent? Saftigt, sött lite tjockt(?).",,Red Wine,,https://www.vivino.com/wines/128679314,https://images.vivino.com/labels/dQBOiHrfQ1KlQGHKSmJuew.jpg
Pasqua Vigneti e Cantine,11 Minutes Rosato,2022,Veneto,Italy,Northern Italy Rosé,4.1,2025-08-16 16:10:31,,4.0,"Ett bra rose! Doften är lite klurigare än vad smaken är, det är mycket fruktigt, toner av päron men det som är mest utstrålande är röda frukterna, hallon jordgubb.",,Rosé Wine,,https://www.vivino.com/wines/170586337,https://images.vivino.com/labels/Rj5VQRcGTPeCc1q1WljCqw.jpg
Luigi Righetti,Campolieti Valpolicella Ripasso Classico Superiore,2022,Valpolicella Ripasso,Italy,Italian Ripasso,3.8,2025-08-16 16:09:23,,3.8,"cherry red fruitFlaska hos kompis, lite platt då det varit lite öppet. Klassisk Ripasso som säkert hade varit bättre nyöppnat! Skål",,Red Wine,,https://www.vivino.com/wines/171564120,https://images.vivino.com/labels/bklbShFyTTeSRpdhxguuGg.jpg
Louis Massing,Brut Champagne,,Champagne,France,French Champagne,3.6,2025-08-16 16:08:43,,3.5,"Inget champange som jag hade köpt, lite högt i syran och inte alls mig i smaken.",,Sparkling,,https://www.vivino.com/wines/155489294,https://images.vivino.com/labels/DyGW1kUmRB609JCoOQr4mw.jpg
Carbonaia,Montefalco Sagrantino,2015,Montefalco Sagrantino,Italy,Central Italy Red,3.7,2025-08-13 20:23:43,,4.2,"En rätt klassisk sagrantino, lite svår i början men öppnades upp tillslut. Doften är lite sluten, bärigt men slutliga rätt mäktiga lakritstoner. Smaken är solmogna hallon hela vägen igenom, höga tanniner som förväntat av druvan, fortsatt tema lakrits. Är positivt förvånad bland de rätt olika rescencionerna, bang for buck.",,Red Wine,,https://www.vivino.com/wines/171137507,https://images.vivino.com/labels/yv2hxUrbQ4a4Wf8eKznJug.jpg
Pasqua Vigneti e Cantine,Famiglia Pasqua Valpolicella Ripasso,,Valpolicella Ripasso,Italy,Italian Ripasso,3.8,,,,,,Red Wine,,https://www.vivino.com/wines/175719007,
Carbonaia,Montefalco Sagrantino,2015,Montefalco Sagrantino,Italy,Central Italy Red,3.7,2025-08-13 11:19:16,,,,,Red Wine,,https://www.vivino.com/wines/171137507,https://images.vivino.com/labels/tqI0p_65QEOIetdoY3oOeQ.jpg
Cesari,Valpolicella Superiore Ripasso,2022,Valpolicella Ripasso,Italy,Italian Ripasso,3.9,2025-08-12 18:31:00,L'Antro della Sibilla,4.1,"En god ripasso, 30€. Lite tyngre och mindre sötma än vad jag är van med. Slutliga toner lakrits?, tobak, något tjockare.",,Red Wine,,https://www.vivino.com/wines/170649380,https://images.vivino.com/labels/wcTaALhUSR67luja3G6E8Q.jpg
CaDorá,Barolo,2022,Barolo,Italy,Italian Barolo,3.5,2025-08-12 13:50:48,,,,,Red Wine,,https://www.vivino.com/wines/170771412,https://images.vivino.com/labels/bdhDnPXUQ2WyxpCi5ATGlQ.jpg
Azienda Agricola Paolo Giordano,Dolcetto d'Alba,,Dolcetto d'Alba,Italy,Northern Italy Red,3.8,,,,,,Red Wine,,https://www.vivino.com/wines/180099881,
San Fereolo,Il Provinciale,2019,Langhe,Italy,Italian Nebbiolo,4.0,,,,,,Red Wine,,https://www.vivino.com/wines/168965696,
Riva Leone,Barbera Piemonte,2020,Piemonte,Italy,Italian Barbera,3.6,2025-08-10 14:43:01,,,,,Red Wine,,https://www.vivino.com/wines/164432027,https://images.vivino.com/labels/yhBrX9EeSKCuKrBemrpMXw.jpg
Piccini,Vernaccia di San Gimignano,2024,Vernaccia di San Gimignano,Italy,Central Italy White,3.3,2025-08-10 11:17:16,,4.0,"Detta vin är ett vin jag helst hade druckit upp o ner, inge tilltugg eller liknande till. Det är uppfriskande och friskt, men med en bit mat blev det inte samma upplevelse! citrus apple lemon",,White Wine,,https://www.vivino.com/wines/179754263,https://images.vivino.com/labels/KRBEPjmdSSGN9n89k9IAeg.jpg
Le Chiantigiane,Tenimenti Geggiano Pontignano Ala di Farfalla,2022,Chianti Classico,Italy,Italian Chianti Classico Red,3.5,2025-08-08 17:13:46,,3.9,"En lätt chianti, nästan likt en fruktbomb vid första lukt, några mörkare toner som vanilj, choklad. Smaken var inte en som låg kvar länge, men fortsatt tema av frukter, röda.",,Red Wine,,https://www.vivino.com/wines/172643341,https://images.vivino.com/labels/WbJJNQxTQJO-t8Phb_04TA.jpg
Tintero Elvio,Piemonte Barbera,2023,Piemonte,Italy,Italian Barbera,3.3,,,3.5,"Blaskigt, ingen struktur, nästan lätt bubbligt. Billigt och kanske nästan bra till pizzan!",,Red Wine,,https://www.vivino.com/wines/179070388,
Castelvecchi,Capotondo Chianti Classico,2020,Chianti Classico,Italy,Italian Chianti Classico Red,4.0,2025-08-06 20:05:05,,4.0,"Bra chianti, typisk, hög syra. Träig i smak och doft. cherry oak",,Red Wine,,https://www.vivino.com/wines/168168331,https://images.vivino.com/labels/2TaIxy8zRHaQjfaBOH3o2Q.jpg
Dubrovački Podrumi,Vinogorje Konavle Merlot,2020,Srednja I Juzna Dalmacija,Croatia,Croatian Red,3.2,2025-08-04 14:53:11,,3.8,"Spännande plock från hyllorna, kroatisk merlot. Mycket lättdrucket vin som fortfarande har en rikare karaktär. Blött trä, lite vanilj och mörka bär. Rätt lång eftersmak för prisklassen, avslutande tanniner, torrt.",,Red Wine,,https://www.vivino.com/wines/168173657,https://images.vivino.com/labels/mBFw8WP8RJiRLQM5rjtaXw.jpg
Vinarija Vuina,Crljenak Štafileo,2018,Dalmatian Coast,Croatia,Croatian Red,4.0,2025-08-04 08:49:09,,,,,Red Wine,,https://www.vivino.com/wines/160775754,https://images.vivino.com/labels/Dgo0pasHQPiqgUtL7qYNDw.jpg
Vinarija Vuina,Crljenak Štafileo,2024,Dalmatian Coast,Croatia,Croatian Red,4.0,2025-08-04 08:47:54,,,,,Red Wine,,https://www.vivino.com/wines/180144910,https://images.vivino.com/labels/chGWmJpGSNO985W0CTEvkg.jpg
,,,,,,,2025-08-04 08:45:37,,,,,,,,https://images.vivino.com/labels/zxEyz2YfTZSAadKdUrA6Cg.jpg
Botter,Chianti,2017,Chianti,Italy,Italian Chianti,3.5,,,3.0,"Fann 2017 i hyllorna med, detta var INTE något i min stil, oklart om förslutningen hade varit dåligt eller dylikt, men det smakade nästan vinäger, och hade obeskrivliga bismaker.",,Red Wine,,https://www.vivino.com/wines/152071953,
Poletti,Villa Tonda Nero d'Avola,,Sicilia,Italy,Southern Italy Red,3.6,2025-07-29 16:22:36,,4.0,"Gott och billigt, rätt tunn i smaken, inte så långvarig. Hallon och lite rökigt i doften, träigt. Friskt ich syrliga röda bär i smaken. Skål!",,Red Wine,,https://www.vivino.com/wines/176864213,https://images.vivino.com/labels/4bF1osGkRsmTgLusW1dDCA.jpg
Botter,Chianti,2020,Chianti,Italy,Italian Chianti,3.5,2025-07-28 13:39:01,,3.9,"Lättdrucket, billig chianti som dök upp i hyllorna här... 6€, lättdrucket, röda frukter, några toner av ek i doften.",,Red Wine,,https://www.vivino.com/wines/164026401,https://images.vivino.com/labels/v7g6JmrKS8-SiwRR-jqlMw.jpg
Skaramuča,Plavac,2020,Dalmatian Coast,Croatia,Croatian Dalmatian Coast Plavac Mali Red,3.5,2025-07-26 19:56:41,,3.4,"Mycket lättdrucken vin, det är lite saftigare och rätt torrt. Det finns något som är lite blommigare och parfymigare med det, gnutta viol. Träigt. oak violet",,Red Wine,,https://www.vivino.com/wines/168805213,https://images.vivino.com/labels/IFVH9TxRTymss7Sg2DvnZQ.jpg
Terra Madre,Plavac Mali Barrique,2018,Dalmatian Coast,Croatia,Croatian Dalmatian Coast Plavac Mali Red,3.8,2025-07-25 18:32:05,,4.0,"Fin karaktär, torrt rött med lite rökigare, träigare smaker, tema med mörka bär. Lagom höga tanniner, sträva. Mycket gott, en sånhär flaska åker nog med hem! Bra för sitt pris 8-10€ oak smoke blackberry",,Red Wine,,https://www.vivino.com/wines/165355036,https://images.vivino.com/labels/-uerbC2iRG2d_odNk6XRQA.jpg
Vinarija Roso,Plavac Barrique,,Dalmatian Coast,Croatia,Croatian Dalmatian Coast Plavac Mali Red,3.0,2025-07-25 14:36:37,,,,,Red Wine,,https://www.vivino.com/wines/148094851,https://images.vivino.com/labels/_KvjQqScQUSTyhC8pMOX6Q.jpg
,,,,,,,2025-07-23 15:12:29,,,,,,,,https://images.vivino.com/labels/AyIgK1aATHiDHX0ktmv-wg.jpg
Badel 1862,Pelješac Plavac Mali,2024,Dalmatian Coast,Croatia,Croatian Dalmatian Coast Plavac Mali Red,3.3,2025-07-23 14:53:47,,3.3,"Inte riktigt min smak, lite billigare typiskt bordsvin, saknar någon komplexitet och struktur, intressant på det sättet att druvan är Plavac Mali, mycket träigt och rökigt! cherry oak earthy",,Red Wine,,https://www.vivino.com/wines/179599167,https://images.vivino.com/labels/W5FQ73QyRjSppH6zLVdKuQ.jpg
Minuty,M Rosé,2021,Côtes de Provence,France,Provence Rosé,3.9,2025-07-20 19:53:30,,3.6,"Lättdrucken rose, kompis slm hade med, provat förrut och har fortfarande samma uppfattning. Lätt fruktigt, päron i eftersmaken, lagom fylligt. peach strawberry",,Rosé Wine,,https://www.vivino.com/wines/167499092,https://images.vivino.com/labels/qNWjz17VQLqEVldWD-l4BQ.jpg
Undurraga,Aliwen Reserva Cabernet Sauvignon - Syrah,2023,Rapel Valley,Chile,Chilean Cabernet - Syrah,3.5,2025-07-20 18:21:44,,3.7,"Mycket stor karaktär, detta vin (tack Linna) är ett vin med stor fruktig, rödagruktigt smak. Hintar någon ton av vanilj och choklad, fortsatt fruktigt. Inte mitt typiska go-to men fint bordsvin, hade definitivt druckit igen! Syrah typiska smaken framgår, samma med CabSau.",,Red Wine,,https://www.vivino.com/wines/173849784,https://images.vivino.com/labels/mhOQ1STBRH2XxFK7HuZ2cA.jpg
Valdisole,Amos - Άμμος,2022,Piemonte,Italy,Italian Nebbiolo,4.0,2025-07-20 15:10:40,,4.2,"Slående vid första doft, kraftig med mycket röda bär, i enlighet med druvan. Smaken är fyllig och rätt kraftig, lagom syra men hög tanniner. Fortsatt bärig, något mörkare i smaken, åt jord eller tobakshållet. strawberry earthy",,Red Wine,,https://www.vivino.com/wines/173313785,https://images.vivino.com/labels/HEKtXc9BQr68LPHJzIgEzA.jpg
Giacosa Fratelli,Nebbiolo Leunin,2023,Langhe,Italy,Italian Nebbiolo,3.7,2025-07-19 17:37:46,,3.9,"Typisk nebbiolo, till doften är den mycket lätt, nästan lite väl tunn, fruktig. Smaken är också lite tunn, även efter dekantering. Vi har fortsatt tema med röda och mörka frukter, eftersmak av en söt viol, spännande! Skål!",,Red Wine,,https://www.vivino.com/wines/176819523,https://images.vivino.com/labels/fqHQEkcvR8WIJquxAVoR_w.jpg
Giacosa Fratelli,Nebbiolo Leunin,2023,Langhe,Italy,Italian Nebbiolo,3.7,2025-07-19 15:45:42,,,,,Red Wine,,https://www.vivino.com/wines/176819523,https://images.vivino.com/labels/lgIkcbo3T-mOzJEjIk5zIQ.jpg
Bottega,Valpolicella Ripasso Superiore,2021,Valpolicella Ripasso,Italy,Italian Ripasso,3.9,2025-07-19 15:28:41,,,,,Red Wine,,https://www.vivino.com/wines/167176722,https://images.vivino.com/labels/GHYl6eGOTOes5hQJ9qsFrg.jpg
Arilds Vingård,Marys Backe Winemaker's Selection Pinot Noir Précoce Reserve,2023,Wine of Sweden,Sweden,,3.5,2025-07-17 19:22:47,,3.8,"Träigare, tidig mognat vilket känns i svag alkoholhalt och krispigare och träigare smaken. Fruktigt med en rätt mjuk avslut men återigen träigt, detta vin är något annorlunda, vilket förväntas av ett svenskt.",,Red Wine,,https://www.vivino.com/wines/178028816,https://images.vivino.com/labels/ciFQseCbSPWKvXVNuGIBiw.jpg
Alberto Ballarin,Nebbiolo,,Langhe,Italy,Italian Nebbiolo,3.8,,,4.2,"Klassisk nebbiolo, lättdrucken o mycket fruktig, mörka bär. Underton av vanilj, gott. black fruit vanilla",,Red Wine,,https://www.vivino.com/wines/171459673,
Alberto Ballarin,Langhe Bianco,2023,Langhe,Italy,Northern Italy White,3.8,2025-07-16 17:39:27,,,,,White Wine,2023 2026,https://www.vivino.com/wines/177574924,https://images.vivino.com/labels/2jwPmK3MT4erhTp5eThH3A.jpg
Delas,Saint-Esprit Côtes-du-Rhône,2023,Côtes-du-Rhône,France,Southern Rhône Red,3.7,2025-07-10 16:15:08,,4.0,"Provar samma stil som Xavier, och utvidgar mina franska smaklökar. Mycket fruktigt i doften, har lite svårt o säga om det är mer åt det röda eller mörka hållet, lite choklad/träigt tjockare. Smaken är mycket fruktig vilket passar perfekt med dess lagom höga syrlighet, bra kropp och mycket fin struktur. Bra för sitt pris! blackberry cherry oak chocolate",,Red Wine,,https://www.vivino.com/wines/173692565,https://images.vivino.com/labels/cmcI-0DjSb2b94Zu7HlNdg.jpg
Armatura,Brunello di Montalcino,,Brunello di Montalcino,Italy,Italian Brunello,4.0,,,4.1,"Som en snäll blandning av röda och mörka bär, lite träig men inte så värst mycket. Lagomhög syrlighet och detsamma ned tanniner, strukturen är haldan men fortfarande rätt stark, hade kanske förväntat mig något större. cherry oak blackcurrant",,Red Wine,,https://www.vivino.com/wines/167626047,
La Spinetta,Ca' di Pian Barbera d'Asti,2022,Barbera d'Asti,Italy,Italian Barbera,4.0,2025-07-08 16:39:22,,4.2,"Nu öppnade vi denna goding i Sälen, Idre med familj och uppskattande. Hög syrlighet och medelhöga tanniner men torr. Smaken sitter länge, så gott!  Doften ger toner av mörka bär, något ekigt samt rökig. I smaken framgår dessa mörka bär, björnbär, men även något rödare bär som hallon. Rökig fortsättning, träigt. Fruktig och syrlig som förväntat av barberan. oak blackberry tobacco",,Red Wine,,https://www.vivino.com/wines/170946844,https://images.vivino.com/labels/hGhI8V_IQRuXnOysGE8awQ.jpg
Luigi Righetti,Primo Appuntamento Rosso,2016,Veneto,Italy,Northern Italy Red,3.3,,,3.6,"Ett enkelt bordsvin, den saknar karaktär men smaken sitter inte alls fel. Doften har något som inte är i min smak, tjock lakritsaktigt. Bärig i smaken, men kanske inte något specifikt som dyker upp. Tanninerna rätt låga, lagomhög syrlighet.",,Red Wine,,https://www.vivino.com/wines/154309333,
Luigi Righetti,Primo Appuntamento Rosso,2014,Veneto,Italy,Northern Italy Red,3.3,2025-07-06 15:26:17,,,,,Red Wine,,https://www.vivino.com/wines/154286691,https://images.vivino.com/labels/fA_ltnz2S6OkLhf1ZQj6TQ.jpg
La Spinetta,Ca' di Pian Barbera d'Asti Superiore,2022,Barbera d'Asti,Italy,Italian Barbera,4.1,2025-07-06 14:28:47,,,,,Red Wine,,https://www.vivino.com/wines/177786759,https://images.vivino.com/labels/8tRVFtigS7ukzx_qpsy7gw.jpg
Katunar,Sv.Lucija Plavac Mali,2018,Dalmatian Coast,Croatia,Croatian Dalmatian Coast Plavac Mali Red,3.7,2025-07-04 17:15:19,,4.0,"Saftigt och bärigt, plommon och  körsbär. mycket syrligt högs taniner, Färgen är blodröd och lite brickig i kanterna, saftigt som sagt och nästan lite juicig. Halvklar, grunlig
 cherry plum",,Red Wine,,https://www.vivino.com/wines/164414963,https://images.vivino.com/labels/Fb0GVhgnSt2j3QzRMKJSig.jpg
Katunar,Sv.Lucija Plavac Mali,2018,Dalmatian Coast,Croatia,Croatian Dalmatian Coast Plavac Mali Red,3.7,2025-07-03 18:51:54,,,,,Red Wine,,https://www.vivino.com/wines/164414963,https://images.vivino.com/labels/k191X0yZRACRpHN_XnnaGA.jpg
Enzo Bartoli,Nebbiolo,2023,Langhe,Italy,Italian Nebbiolo,3.7,2025-07-02 18:06:52,,4.0,"Lättdrucken nebbiolo, druvenlig. Hög syrlighet gör den lite krispig, röda frukterna är väldigt framgående, lite träiga smaker. oak strawberry",,Red Wine,,https://www.vivino.com/wines/173934327,https://images.vivino.com/labels/_FoXutL9T2a9b_5wSO1YTQ.jpg
Philippe Benoit,Bordeaux,2012,Bordeaux,France,Bordeaux Red,3.7,2025-06-28 17:35:26,,3.9,"God, röda mogna frukter, hallong jordgubb. Träig lite tobak. Smaken densamma men förhöjd fruksmak, lagom syrlighet och jämna tanniner",,Red Wine,,https://www.vivino.com/wines/179899594,https://images.vivino.com/labels/2RElG88FRFCNUb2_z51YyA.jpg
Luigi Righetti,Capitel de Roari Amarone della Valpolicella Classico,2008,Amarone della Valpolicella Classico,Italy,Italian Amarone,4.1,,,3.3,"Tobak och träig, vinet har passerat sin lucka med mycket. Spritiga toner, inte bra. Korken helt ok, lite sedament, hög halsnivå på
vinet. tobacco oak",,Red Wine,,https://www.vivino.com/wines/1173266,
Le Colline,Barbera d'Alba,2001,Barbera d'Alba,Italy,Italian Barbera,3.8,2025-06-19 14:20:39,,4.0,"Rätt svag struktur, rätt bra balans mellan fruktigheten och syran, men syran ta r definitivt över. Mjuka svaga tanniner. Inte superkomplext, rätt lätt. 
raisin ,mogen raspberry , tobacco",,Red Wine,,https://www.vivino.com/wines/180143852,https://images.vivino.com/labels/G8-NmiCyQIyD1q6-C-6IMg.jpg
Xavier Vignon,Vacqueyras,,Vacqueyras,France,Southern Rhône Red,3.9,,,,,,Red Wine,,https://www.vivino.com/wines/3709342,
Xavier Vignon,Vacqueyras,2020,Vacqueyras,France,Southern Rhône Red,3.9,2025-06-10 17:11:12,,4.2,"Mycket bra intryck från Du-pape, sötare till doften, träigt, plommon. Smaken är mycket kraftfull, lätt syrlighet, mörka och röda bär, trä. oak plum blackberry cherry",,Red Wine,,https://www.vivino.com/wines/163363576,https://images.vivino.com/labels/OhaV6MN3T8iGRmUDf6W1EQ.jpg
Xavier Vignon,Vacqueyras,2019,Vacqueyras,France,Southern Rhône Red,3.9,2025-06-10 16:50:48,,,,,Red Wine,,https://www.vivino.com/wines/166569321,https://images.vivino.com/labels/idCE_VO3QEOQb725Xf6PgQ.jpg
Monterinaldi,Chianti Classico Riserva,2023,Chianti Classico,Italy,Italian Chianti Classico Red,4.1,,,3.9,"God Chianti, jag hade högre förväntningar. Mycket lättdrucken, lätt smak av träighet, syran och fruktigheten kändes relativt balanserad",,Red Wine,,https://www.vivino.com/wines/173678540,
Twee Jonge Gezellen,Krone Borealis Vintage Cuvée Brut,2023,Coastal Region,South Africa,South African Sparkling,3.8,2025-06-07 13:32:41,,4.1,"Mycket gott bubbel, spännande med SA! Mycket mer smak än det bubbliga som en är van med, hade druckit igen! apple citrus",,Sparkling,,https://www.vivino.com/wines/173923194,https://images.vivino.com/labels/xZ2t0sxwS2axdEQqKeCVQQ.jpg
G.D. Vajra,Langhe Nebbiolo,2023,Langhe,Italy,Italian Nebbiolo,3.9,2025-06-05 18:55:27,,4.0,"Mycket gott, lätt och fruktigt. Smaken är väldigt fruktig återigen, väldigt sträv och höga tanniner. cherry strawberry red fruit",,Red Wine,,https://www.vivino.com/wines/173950728,https://images.vivino.com/labels/noW9zMJLRtOhSAXsTmboww.jpg
Marastoni,Chianti,,Chianti,Italy,Italian Chianti,3.4,,,3.2,"Doften satt inte alls rätt, smaken var helt okej men mycket söt, smaken var inte riktigt min men helt ok.",,Red Wine,,https://www.vivino.com/wines/166239085,
,,,,,,,2025-06-05 18:53:06,,,,,,,,https://images.vivino.com/labels/eIQa9NHZQoOJ7T3512b0Sg.jpg
,,,,,,,2025-06-05 18:52:46,,,,,,,,https://images.vivino.com/labels/ULyVFystQ36fD47xUdZpOw.jpg
I Fabbri,Chianti Classico,,Chianti Classico,Italy,Italian Chianti Classico Red,3.5,,,3.9,"Mycket god chianti, lättare till doften men mycket godare smak, strawberry cherry",,Red Wine,,https://www.vivino.com/wines/166249331,
,,,,,,,2025-06-05 18:48:50,,,,,,,,https://images.vivino.com/labels/4lIv0ddYQEqgvxpUgw99AA.jpg
Moët & Chandon,Impérial Brut Champagne,,Champagne,France,French Champagne,4.1,2025-06-05 15:21:35,,4.0,"Krispig, lätt men nådde inte riktigt mina relativt höga förväntningar. citrus green apple pear",,Sparkling,,https://www.vivino.com/wines/164942645,https://images.vivino.com/labels/mtN2O2bdS6iYS4dDRoQ5ag.jpg
Château de Mons,Bordeaux,2018,Bordeaux,France,Bordeaux Red,3.8,2025-05-31 18:38:50,,3.9,"Väldigt sött, sockerkristaller i korken efter avtagning(?) Ett mycket saftigt vin, inte något favorit, torkade russin. plum cherry @[1|71661641|Niklas Wiberg]",,Red Wine,,https://www.vivino.com/wines/158427570,https://images.vivino.com/labels/nfJ67Nm1QGGUFitnigx8Jw.jpg
Baron de Ley,Rioja Reserva,2020,Rioja,Spain,Spanish Rioja Red,3.9,,,4.2,"Baron de lay, god som vanlig. cherry plum oak",,Red Wine,,https://www.vivino.com/wines/163009255,
Baron de Ley,Finca Monasterio Rioja,2024,Rioja,Spain,Spanish Rioja Red,4.1,2025-05-31 17:05:37,,,,,Red Wine,,https://www.vivino.com/wines/179515613,https://images.vivino.com/labels/cXQMS3YfQ1ezX3A5WhXy1Q.jpg
Baron de Ley,Finca Monasterio Rioja,2024,Rioja,Spain,Spanish Rioja Red,4.1,2025-05-31 17:05:22,,,,,Red Wine,,https://www.vivino.com/wines/179515613,https://images.vivino.com/labels/WqfLiHpVRkST-VokPqjMpg.jpg
Tommasi,Valpolicella Ripasso (Classico Superiore),,Valpolicella Ripasso,Italy,Italian Ripasso,4.0,2025-05-30 17:58:23,,4.3,"Klassisk ripasso som sällan slår fel, skyller på halv förkylning att smakerna inte sitter rätt, fruktigt och gott. cherry oak @[1|68811512|Janine Elverskog]",,Red Wine,,https://www.vivino.com/wines/1525615,https://images.vivino.com/labels/-lUKLD-sQM6-NE7WM1dXVg.jpg
Giacomo Grimaldi,Piccole Vigne Barolo,2019,Barolo,Italy,Italian Barolo,4.1,2025-05-25 14:22:43,,4.3,"Giacomo Grimaldi, fin fräsh barolo med röd bär, rätt lätt i färg och doft, färgen är lite mer tegelsten i kanterna. Smaken är bärig, jordgubbar och eftersmaken är fylligare, återigen mycket röda bär, men även lite rökig, tobak och träig cherry oak strawberry tobacco",,Red Wine,,https://www.vivino.com/wines/169613308,https://images.vivino.com/labels/C1qUOwAERWCzVp53nEIoRg.jpg
Oltretorrente,Colli Tortonesi Rosso,2023,Colli Tortonesi,Italy,Northern Italy Red,3.8,2025-05-24 12:37:51,,4.1,"Mycket stark näsa, med läder, hallon röda bär. Smak lätt vanlij, hög syra, röda bär, lång söt vaniljig eftersmak. Färgen är mycket mörk, halvrosa toner.",,Red Wine,,https://www.vivino.com/wines/177117417,https://images.vivino.com/labels/JF328E7NQFSWZKQEnWI33Q.jpg
Fontanafredda,Ebbio Langhe Nebbiolo,2023,Langhe,Italy,Italian Nebbiolo,3.6,2025-05-23 15:34:52,,4.0,"Lätt på tungan. tyngre eftersmak. Röda frukter, hallon, vaniljig. cherry oak raspberry Mycket god, typisk nebbiolo men lättare struktur. Efter en och en halv timmes luftning blev den mycket mycket fylligare, wow, riktigt gott",,Red Wine,,https://www.vivino.com/wines/173722564,https://images.vivino.com/labels/a-SdljaiT86uRJcp7yFI8Q.jpg
Deutz,Classic Brut Champagne,,Champagne,France,French Champagne,4.1,2025-05-17 21:35:40,,4.3,"Riktigt krispig champange. Gröna frukter, päron syrligt grönt äpple. Syrligt men inte för mkt, gud så gott. Vi firar @[1|71661641|Niklas Wiberg] basker!",,Sparkling,,https://www.vivino.com/wines/164942773,https://images.vivino.com/labels/Cg2yIDDlQt2skxYtxnMlHA.jpg
Domaine des 4 Saisons,Bourgogne Epineuil Rosé,2023,Bourgogne Epineuil,France,French Rosé,3.7,2025-05-17 20:10:25,,4.0,"Gott vitt vin! Chablis, borgounge, krispigt, päron? eller söta äpplen! Lätt syrlighet, lättare men imponerande",,Rosé Wine,,https://www.vivino.com/wines/177158449,https://images.vivino.com/labels/DFrskWvYTnyAoVOd-72nbw.jpg
Finca Almendral,Gran Reserva,2019,La Mancha,Spain,Spanish Tempranillo,3.5,2025-05-17 13:14:31,,,,,Red Wine,,https://www.vivino.com/wines/178955806,https://images.vivino.com/labels/fGSIGoe5RUKXiJipMkV91g.jpg
Zensa,Puglia Primitivo,2023,Puglia,Italy,Southern Italy Primitivo,3.9,2025-05-17 13:09:09,,3.8,"Ett enkelt rödvin, men med en rätt stark karaktär, sötma och fruktighet, eftersmak av lakritsz licorice blackberry red fruit",,Red Wine,,https://www.vivino.com/wines/173786886,https://images.vivino.com/labels/otFAsJy5TSG9wmPZJQzGbQ.jpg
Domini Veneti,Valpolicella Classico (Bio),2023,Valpolicella Classico,Italy,Italian Valpolicella Red,3.7,2025-05-17 13:07:23,,3.8,"Detta är en rätt udda Valp. Den är väldigt lätt, saftig. Den är rätt tunn vilket gör mig lite besviken- trodde den kulle vara kraftigare.",,Red Wine,,https://www.vivino.com/wines/177245764,https://images.vivino.com/labels/C_eiz_nWTqec0hycf1xJ_g.jpg
Twee Jonge Gezellen,Krone Borealis Vintage Cuvée Brut,2023,Coastal Region,South Africa,South African Sparkling,3.8,2025-05-17 11:02:51,,,,,Sparkling,,https://www.vivino.com/wines/173923194,https://images.vivino.com/labels/0kKOXXiQSSiEhEKsTcue-w.jpg
La Rioja Alta,Viña Alberdi Reserva,2020,Rioja,Spain,Spanish Rioja Red,4.1,2025-05-16 15:39:35,,4.1,"Bastant roija, doften är rätt träig oak cherry leather earthy, blött trä. rund i doften men samtidigt rätt söt, god rioja, Tack @[1|68811512|Janine Elverskog]",,Red Wine,,https://www.vivino.com/wines/162896458,https://images.vivino.com/labels/iPRhu-4ZRH6hqHSShjyUkg.jpg
Verrocchio,Valpolicella Ripasso Superiore,2022,Valpolicella Ripasso,Italy,Italian Ripasso,3.8,2025-05-11 13:26:23,,3.9,"Klassisk bra stabil ripasso, mycket fruktigt och bra syrlighet. Mycket röda bär, hallon jordgubbar, lite träig i smaken, går hand i hand med vaniljsmak. oak cherry red fruit vanilla",,Red Wine,,https://www.vivino.com/wines/170574353,https://images.vivino.com/labels/47WdB2wIRJ2ECy-NDFLtfw.jpg
Dominio Alto,Reserva,2018,Rioja,Spain,Spanish Rioja Red,3.7,2025-05-10 17:47:08,,3.8,"Gott rioja, lättdrucket, runt, jordgubbar

 strawberry
green apples",,Red Wine,,https://www.vivino.com/wines/161552233,https://images.vivino.com/labels/JY1lan1OSAqa7uQRUO8uvA.jpg
Oltretorrente,Colli Tortonesi Rosso,2023,Colli Tortonesi,Italy,Northern Italy Red,3.8,2025-05-06 11:21:39,,,,,Red Wine,,https://www.vivino.com/wines/177117417,https://images.vivino.com/labels/KQp7bho1Rs6DLLS4dD0rjA.jpg
Villa Mongalli,Pozzo del Curato Sagrantino di Montefalco,2015,Montefalco Sagrantino,Italy,Central Italy Red,4.3,2025-05-02 18:43:10,,4.5,"Mycket gott, som förmodat är det väldigt kraftigt, med tanke på Sagrantino 's tanniner och den höga alkoholhalten. Mycket smak av mörka bär, blåbär , björnbär. Väldigt gott till ost som idag, hade varit ännu bättre till någon maffigare mat som köttig pasta eller dylikt. blackberry dark fruit blueberry licorice",,Red Wine,,https://www.vivino.com/wines/146363369,https://images.vivino.com/labels/veXpG4cETrGekydvyj5rdw.jpg
Villa Mongalli,Pozzo del Curato Sagrantino di Montefalco,2015,Montefalco Sagrantino,Italy,Central Italy Red,4.3,2025-05-02 18:42:53,,,,,Red Wine,,https://www.vivino.com/wines/146363369,https://images.vivino.com/labels/g84PaR9uQrqTqTeit6ivzA.jpg
Onbrina,Conegliano Valdobbiadene Prosecco Organico,,Conegliano-Valdobbiadene Prosecco,Italy,Italian Prosecco,3.7,2025-04-30 19:07:02,,3.7,,,Sparkling,,https://www.vivino.com/wines/179273191,https://images.vivino.com/labels/ud5khA8mQJOrPGa6PJVc9A.jpg
La Spinetta,Ca' di Pian Barbera d'Asti,2022,Barbera d'Asti,Italy,Italian Barbera,4.0,2025-04-30 14:15:10,,,,,Red Wine,,https://www.vivino.com/wines/170946844,https://images.vivino.com/labels/RniPeuM7Qj-f48-WHbjqoQ.jpg
Feudi di San Gregorio,Lacryma Christi Rosso,2023,Vesuvio,Italy,Southern Italy Red,3.6,2025-04-25 16:10:22,,4.1,"Samma siffra, provas igen inför möjligt inköp. Annorlunda, lite strävare i eftersmaken. Doften är lite stingig, lite rökig i smaken, väldigt väldigt fylligt. Blir troligtvis 2 flaskor till, mycket bra vin till maffig mat.. earthy cherry smoke pepper",,Red Wine,,https://www.vivino.com/wines/173757921,https://images.vivino.com/labels/xdZrIV5XRBiK6_lBX2KgsQ.jpg
Villa Mongalli,Pozzo del Curato Sagrantino di Montefalco,2015,Montefalco Sagrantino,Italy,Central Italy Red,4.3,2025-04-22 18:28:54,,,,,Red Wine,,https://www.vivino.com/wines/146363369,https://images.vivino.com/labels/ioCbYqjsQWufivuP4T5eow.jpg
Tommasi,Valpolicella Ripasso (Classico Superiore),2021,Valpolicella Ripasso,Italy,Italian Ripasso,4.0,2025-04-22 09:46:07,,,,,Red Wine,,https://www.vivino.com/wines/167741467,https://images.vivino.com/labels/Qh7ZA-3-ScGL5pfghm3cUQ.jpg
Pietro Clementi,Valpolicella Ripasso Classico Superiore,2020,Valpolicella Ripasso Classico,Italy,Italian Ripasso,3.9,2025-04-22 09:45:06,,,,,Red Wine,,https://www.vivino.com/wines/174030194,https://images.vivino.com/labels/U4OLPyrhRwSeENTaHkZpaw.jpg
Feudi di San Gregorio,Lacryma Christi Rosso,2020,Vesuvio,Italy,Southern Italy Red,3.6,2025-04-20 23:08:10,,,,,Red Wine,,https://www.vivino.com/wines/163312488,https://images.vivino.com/labels/xtXBmCBVSf6Fzep6EwbJ0A.jpg
Alberto Ballarin,Nebbiolo,2023,Langhe,Italy,Italian Nebbiolo,3.8,2025-04-20 23:07:01,,,,,Red Wine,,https://www.vivino.com/wines/176901063,https://images.vivino.com/labels/yv1A_vIiRy-p-vTc3APQ_w.jpg
Progetti Agricoli,Terre di Mario,,Puglia,Italy,Southern Italy Red,3.8,2025-04-19 22:11:42,,4.0,"Riktigt gott för priset, mycket runt med samtidigt kraftigt! Stor karakteristisk eftersmak som är riktigt russin",,Red Wine,,https://www.vivino.com/wines/161373995,https://images.vivino.com/labels/4sQi0KJWQeyu8LF4sGujXA.jpg
Comte de Beylac,Merlot - Cabernet Sauvignon,,Vin de France,France,French Red,3.6,2025-04-19 20:27:12,,3.9,"Mycket bärigt, fruktigt och snäll doft. Smaken är väldigt väldigt rund, extremt snällt vin mycket gott",,Red Wine,,https://www.vivino.com/wines/176013894,https://images.vivino.com/labels/Vi__vGFvQTC0krkRrsmMIA.jpg
Coviñas,Peña Tejo Macabeo Dry,,Utiel-Requena,Spain,Spanish White,3.5,2025-04-19 20:26:01,,3.3,"fruktig doft, inte så trevlig. Smaken är tom, det smakar ingenting. efter kylning (frys en stund) kommer en svagare smak fram, inget vidare. Helt ok mellantemp",,White Wine,,https://www.vivino.com/wines/153024772,https://images.vivino.com/labels/u2Xs67APTZSeAD979opsuA.jpg
Cantine del Notaio,Terre di Magma Flamma,,Basilicata,Italy,Southern Italy Red,3.7,2025-04-17 18:11:37,,3.6,"Mycket syrligt, halvfyllt men helt ok. lättdrucket",,Red Wine,,https://www.vivino.com/wines/179226300,https://images.vivino.com/labels/DnpVFfCcRZKte4AdRCmN7Q.jpg
,,,,,,,2025-04-17 18:11:29,,,,,,,,https://images.vivino.com/labels/YJ9_gc4XTdKTn2aZ8UCeEQ.jpg
,,,,,,,2025-04-17 18:11:14,,,,,,,,https://images.vivino.com/labels/TY7eNvMzQ3miIaBzpaLT2A.jpg
Andre Clouet,Grande Réserve Brut Champagne Grand Cru 'Bouzy',,Champagne Grand Cru 'Bouzy',France,French Champagne,3.9,2025-04-16 19:43:18,,,,,Sparkling,,https://www.vivino.com/wines/1481457,https://images.vivino.com/labels/e-MWeUl8ROepl86ADYBqdQ.jpg
G.D. Vajra,Albe Barolo,2020,Barolo,Italy,Italian Barolo,4.0,,,,,,Red Wine,,https://www.vivino.com/wines/162906790,
La Rioja Alta,Lat 42 Rioja Reserva,2018,Rioja,Spain,Spanish Rioja Red,3.8,2025-04-12 16:40:16,,,,,Red Wine,,https://www.vivino.com/wines/156261756,https://images.vivino.com/labels/xFuHWp9WSuyJlmkGbGWnYA.jpg
,Petiellas de Gabriel Brut Blanc de Blancs,,,,,3.7,2025-04-12 16:25:05,,,,,Sparkling,,https://www.vivino.com/wines/178660042,https://images.vivino.com/labels/d8ZcGvjuTFm6P1PVgWLo0w.jpg
Alberto Ballarin,Langhe Bianco,2023,Langhe,Italy,Northern Italy White,3.8,2025-04-11 19:47:27,,,,,White Wine,2023 2026,https://www.vivino.com/wines/177574924,https://images.vivino.com/labels/n04r_C7rQ_6TpU8tJrg0Nw.jpg
Cantinetta Vini,Altero Rosso,2016,Toscana,Italy,Tuscan Red,3.7,2025-04-11 17:48:43,,3.8,"Stinger i doft, smaken är rundare, röda frukter söt!",,Red Wine,,https://www.vivino.com/wines/177643447,https://images.vivino.com/labels/D31M1wMjTl-7K0DdFIUP4g.jpg
Feudi di San Gregorio,Lacryma Christi Rosso,2023,Vesuvio,Italy,Southern Italy Red,3.6,2025-04-05 18:35:55,,4.1,"Mycket fylligt; kraftigt som tusan! Väldigt gott. en till kvar i källaren, ska bli kul att se hur den är om några år.",,Red Wine,,https://www.vivino.com/wines/173757921,https://images.vivino.com/labels/GDva1KY4QgiYfIwaFy8foA.jpg
Ca' Rugate,Valpolicella Superiore Campo Lavei,2022,Valpolicella,Italy,Italian Valpolicella Red,3.9,2025-04-05 17:15:26,,4.1,"Tung doft med en bra, smak med full struktur, söt röda bär",,Red Wine,,https://www.vivino.com/wines/170922505,https://images.vivino.com/labels/PBMiz_OpRcC0OrKFNxhaAg.jpg
Ca' Rugate,Valpolicella Rio Albo,2022,Valpolicella,Italy,Italian Valpolicella Red,3.6,2025-04-05 17:14:47,,,,,Red Wine,,https://www.vivino.com/wines/170818354,https://images.vivino.com/labels/uXaQKTsfQP6utxCde_r2hw.jpg
Enrique Mendoza,Santa Rosa,2020,Alicante,Spain,Spanish Red,4.1,2025-04-04 15:07:34,,,,,Red Wine,,https://www.vivino.com/wines/163266893,https://images.vivino.com/labels/6jXuX6kxTtO2MC9KjObIdQ.jpg
Gusto Raffinato,Veronia Zinfandel,2021,Verona,Italy,Northern Italy Red,3.5,2025-03-21 18:58:12,,,,,Red Wine,,https://www.vivino.com/wines/167240539,https://images.vivino.com/labels/tyXDXy_hQiizuj7hWSVjfQ.jpg
,,,,,,,2025-03-21 18:58:03,,,,,,,,https://images.vivino.com/labels/KbWitcjyRNut6mkCOBLjeg.jpg
Bodegas Faustino,I Gran Reserva,2009,Rioja Alavesa,Spain,Spanish Rioja Red,4.1,2025-03-21 17:40:11,,,,,Red Wine,,https://www.vivino.com/wines/11484288,https://images.vivino.com/labels/AaPv-OfrS3i4cVokHYcL_g.jpg
Bodegas del Rosario,Gran Viña Ucenda Monastrell de Montaña,2021,Bullas,Spain,Spanish Monastrell,3.7,2025-03-10 19:19:22,,3.8,"Gott spanskt, smörig i doftn, lätt smak friskt",,Red Wine,,https://www.vivino.com/wines/179315830,https://images.vivino.com/labels/F-dbMcOITKevSCV_qsIpCg.jpg
Cantine di Ora,Amicale,2018,Veneto,Italy,Northern Italy Red,4.0,2025-03-09 19:29:50,,4.0,"Mycket mycket gott vin! bra italiensk, mycket fruktigt och varm stor karaktär",,Red Wine,,https://www.vivino.com/wines/156101231,https://images.vivino.com/labels/ylr1hxkpR-q4S_bRKV2UGw.jpg
Cantine di Ora,Amicone Corvina,2018,Verona,Italy,Northern Italy Red,3.9,2025-03-09 19:29:00,,,,,Red Wine,,https://www.vivino.com/wines/156234500,https://images.vivino.com/labels/AgjJe09FTniXgsLFKUkWQw.jpg
Cantine del Notaio,L'Atto,2023,Aglianico del Vulture,Italy,Southern Italy Red,3.9,2025-03-09 19:21:39,,3.9,"Gott, nebbiololiknande fyllighet, lite torrt.",,Red Wine,,https://www.vivino.com/wines/174581060,https://images.vivino.com/labels/j597he3zSv23jy1LUYP44w.jpg
,,,,,,,2025-03-09 19:21:25,,,,,,,,https://images.vivino.com/labels/G16RXAmiRXSbNuBiC83U4Q.jpg
,,,,,,,2025-03-09 19:21:09,,,,,,,,https://images.vivino.com/labels/jhfZ05xwRGyOvFhAzCSvBA.jpg
Casteloro,Valpolicella,,Valpolicella,Italy,Italian Valpolicella Red,3.5,2025-03-08 17:28:43,,3.7,"Också helt okej vin från norra, bra för priset",,Red Wine,,https://www.vivino.com/wines/166465902,https://images.vivino.com/labels/C-fh5mDqRAWYO-k8uY94qA.jpg
Cantina Valpolicella Negrar,Castelmare Valpolicella Ripasso Superiore,2020,Valpolicella Ripasso,Italy,Italian Ripasso,3.8,2025-03-08 17:27:46,,3.7,"Helt okej ripasso, billig och bra! finns mycket godare viner",,Red Wine,,https://www.vivino.com/wines/165480262,https://images.vivino.com/labels/0VFz4rsEQvCle8yT0Gf3_g.jpg
Cantina Valpolicella Negrar,Castelmarmo Valpolicella Ripasso Superiore,2020,Valpolicella Ripasso,Italy,Italian Ripasso,3.8,2025-03-08 17:27:03,,,,,Red Wine,,https://www.vivino.com/wines/169780223,https://images.vivino.com/labels/bsXLPmXLTHCoAwCnUaqgZA.jpg
Langlois,Crémant de Loire Réserve,,Crémant de Loire,France,French Crémant,4.0,,,3.9,Mycket gott bubbel,,Sparkling,,https://www.vivino.com/wines/176466440,
Langlois,Crémant de Loire Brut,,Crémant de Loire,France,French Crémant,3.8,2025-03-01 23:38:38,,,,,Sparkling,2025 2026,https://www.vivino.com/wines/1471214,https://images.vivino.com/labels/aPDQBcLPRdO6X2OeQk1jjQ.jpg
Labouré-Roi,Pinot Noir Bourgogne,2022,Bourgogne,France,Burgundy Red,3.4,2025-02-28 21:17:40,,3.8,"Spännande, ny pinot noir!
mycket gott mycket fylligt. blötsre doft  och mycket fyllig smak",,Red Wine,,https://www.vivino.com/wines/171246457,https://images.vivino.com/labels/QdF_z366RSWHOUcGNwS3Jw.jpg
Casteloro,Valpolicella Ripasso Superiore,2021,Valpolicella Ripasso,Italy,Italian Ripasso,3.8,2025-02-28 19:53:07,,3.9,"Mycket fylligt, russin eftersmak",,Red Wine,,https://www.vivino.com/wines/169232876,https://images.vivino.com/labels/llBB_GU-RzG-jnq5cmtJ-g.jpg
Kiemberger,Terlaner,2017,Südtirol - Alto Adige,Italy,Northern Italy White,3.9,2025-02-28 17:47:03,,,,,White Wine,,https://www.vivino.com/wines/156392090,https://images.vivino.com/labels/bA7G64soSMintDsM_sOzPA.jpg
,,,,,,,2025-02-28 17:46:54,,,,,,,,https://images.vivino.com/labels/olHxlSlyTKS_SItOLQfknw.jpg
Labouré-Roi,Pinot Noir Bourgogne,2020,Bourgogne,France,Burgundy Red,3.4,2025-02-28 11:44:46,,,,,Red Wine,,https://www.vivino.com/wines/163145593,https://images.vivino.com/labels/qnJQLcJaQCSOb2_yKv7JTg.jpg
,,,,,,,2025-02-22 19:59:05,,,,,,,,https://images.vivino.com/labels/zGphoZTqQsCjNRb6a7sHfQ.jpg
El Emperador,Merlot,2020,Central Valley,Chile,Chilean Merlot,3.2,2025-02-22 11:55:35,,3.5,"Mycket annorlunda vin, en ljus doft """"
gott till mat",,Red Wine,,https://www.vivino.com/wines/162902789,https://images.vivino.com/labels/x8erNXspSWihZpjhSN3GaA.jpg
Vina Herminia,Vendimia Seleccionada Tempranillo,2016,Rioja,Spain,Spanish Rioja Red,3.6,,,3.5,"Mycket sött, bra matlagnings vin, bra rioja",,Red Wine,,https://www.vivino.com/wines/160069072,https://images.vivino.com/labels/vjXfJYI6TKWcmrAsngAgtQ.jpg
Château Haut-Lalande,Blaye - Côtes de Bordeaux,2022,Blaye - Côtes de Bordeaux,France,Bordeaux Red,3.6,2025-02-20 19:08:36,,3.5,"Annorlunda doft, god smak men rätt okej. hade varit sjukt bra matlagningsvin.",,Red Wine,,https://www.vivino.com/wines/170440475,https://images.vivino.com/labels/--V80y4-Q9OoGL9njWOBEw.jpg
Vina Herminia,Vendimia Seleccionada Tempranillo,2012,Rioja,Spain,Spanish Rioja Red,3.6,,,,,,Red Wine,,https://www.vivino.com/wines/162698937,
Vina Herminia,Vendimia Seleccionada Tempranillo,2012,Rioja,Spain,Spanish Rioja Red,3.6,2025-02-19 20:26:07,,,,,Red Wine,,https://www.vivino.com/wines/162698937,https://images.vivino.com/labels/xj0QQcB-Qg2k9ouo-DnRIw.jpg
Allesverloren,Chenin Blanc,2018,Swartland,South Africa,South African Chenin Blanc,3.6,2025-02-15 18:18:49,,2.9,"Helt okej, toppar inga listor, halvsött och rätt syrligt (7/10) skulle inte dricka igen.",,White Wine,,https://www.vivino.com/wines/156435336,https://images.vivino.com/labels/1Z8_85xXTEmGTM4vYmztuw.jpg
Mondo del Vino,Soprasasso Valpolicella Ripasso,2021,Valpolicella Ripasso,Italy,Italian Ripasso,3.9,2025-02-14 20:53:17,,3.9,"Gott, sött, men samtidigt syrligt för en ripasso. lite doft an spritigt.
Perfekt till mat, chark elr bara dryck",,Red Wine,,https://www.vivino.com/wines/172689743,https://images.vivino.com/labels/-UYk2qOaRfK5IB41mQqQIg.jpg
Passicone,Rosso Organico,2023,Vino d'Italia,Italy,Italian Red,3.6,2025-02-08 19:57:22,,3.7,"Rätt syrlig, halvhöga taniner! rätt gott för en enliters",,Red Wine,,https://www.vivino.com/wines/174159859,https://images.vivino.com/labels/47TLjRisQR2U1ZUYctVnWQ.jpg
Cono Sur,Organic Pinot Noir,2019,Colchagua Valley,Chile,Chilean Pinot Noir,3.3,2025-02-08 19:17:53,,3.6,"Mycket annorlunda, ekig träig, frukter röda svarta.",,Red Wine,,https://www.vivino.com/wines/159883010,https://images.vivino.com/labels/jBHC33HcTb2oEKKKq-sRRA.jpg
Bodegas Marqués de Cáceres,Reserva Vendimia Seleccionada,2018,Rioja,Spain,Spanish Rioja Red,3.9,2025-02-07 18:03:51,,3.8,"Gott till mat, någon annorlunda eftersmak.

Bredare i doften, inte mycket bär. träigt

3.85",,Red Wine,,https://www.vivino.com/wines/174822436,https://images.vivino.com/labels/JfJ_tTc7Sr-l78RtdlfnMw.jpg
Château Liot,Château du Levant Sauternes,2012,Sauternes,France,Bordeaux Sauternes,3.9,,,3.8,"Vin nr . 6 vinprovning med @[1|71661641|Niklas Wiberg]

Ett dessertvin, mycket sött, lite för tjock för min smak. hade varit väldigt gott till en glass. äpple",,Dessert Wine,,https://www.vivino.com/wines/3357435,
Château Liot,Château du Levant Sauternes,2012,Sauternes,France,Bordeaux Sauternes,3.9,2025-02-01 21:53:02,,,,,Dessert Wine,,https://www.vivino.com/wines/3357435,https://images.vivino.com/labels/N63L929tT5m39CJcY3V92w.jpg
Reichsrat von Buhl,Ungeheuer Riesling Auslese,2023,Pfalz,Germany,German Riesling,4.2,2025-02-01 21:16:52,,3.7,"Vin nummer .5 vinprovning hos @[1|71661641|Niklas Wiberg] 


Rätt god riesling, blandad syrlighet och söthet. äpplen. inte för torr",,White Wine,,https://www.vivino.com/wines/178307318,https://images.vivino.com/labels/DJALCGgcT_CGwB6YMlvNnw.jpg
Domäne Wachau,Riesling Selection,2021,Wachau,Austria,Austrian Riesling,3.6,2025-02-01 20:08:44,,3.2,"Vin nummer 4, vinprovning @[1|71661641|Niklas Wiberg]

Torrt med knappt någon sötma, syrligt vin. pear päron i eftersmak, något spritigare. @[1|71661641|Niklas Wiberg]",,White Wine,,https://www.vivino.com/wines/168663296,https://images.vivino.com/labels/_E9WqMoMSeusunrk2aYL9w.jpg
Kloster Eberbach,Riesling Kabinett,2022,Rheingau,Germany,German Riesling,3.7,2025-02-01 19:51:50,,4.0,"Vin nummer 3, provnings hos @[1|71661641|Niklas Wiberg]

Mycket sött samtidigt som det finns syrliga toner. Mycket gott dör att vara ett riesling, passar karaktären för en Rheingau @[1|71661641|Niklas Wiberg]",,White Wine,,https://www.vivino.com/wines/173375515,https://images.vivino.com/labels/HWs-NLkZS4uxDi7EI4qloQ.jpg
Gustave Lorentz,Riesling Alsace Réserve,2023,Alsace,France,Alsace Riesling,3.7,,,3.3,"Vinprovning hos Niklas nr.2

Lite vassare inte lika rund som 13. Åtrr igen citrus och päron, inte lika kraftig.",,White Wine,,https://www.vivino.com/wines/173847346,
Gustave Lorentz,Riesling Alsace Réserve,2013,Alsace,France,Alsace Riesling,3.7,,,3.7,"Vinprovning hos Niklas nr.1 

Väldigt starkt päron, eftersmak citrus, citron.

Väldigt syrlig",,White Wine,,https://www.vivino.com/wines/3466688,
Gustave Lorentz,Riesling Alsace Réserve,2021,Alsace,France,Alsace Riesling,3.7,2025-02-01 19:12:25,,,,,White Wine,,https://www.vivino.com/wines/167186303,https://images.vivino.com/labels/bHB13_Y0S32Bw9GqQJJg4A.jpg
Château Liot,Château du Levant Sauternes,2012,Sauternes,France,Bordeaux Sauternes,3.9,2025-02-01 12:58:21,,,,,Dessert Wine,,https://www.vivino.com/wines/3357435,https://images.vivino.com/labels/5zrZHNdGSyWdy6vRiqG9EQ.jpg
Cono Sur,Organic Pinot Noir,2019,Colchagua Valley,Chile,Chilean Pinot Noir,3.3,2025-02-01 09:37:19,,,,,Red Wine,,https://www.vivino.com/wines/159883010,https://images.vivino.com/labels/7Jzxi9plTmeH9oH-YSqTpw.jpg
Luigi Righetti,Campolieti Valpolicella Ripasso Classico Superiore,2021,Valpolicella Ripasso,Italy,Italian Ripasso,3.8,2025-01-31 18:03:55,,3.9,,,Red Wine,,https://www.vivino.com/wines/167580010,https://images.vivino.com/labels/Amum7Dw1T6qFnjWRj0KRXw.jpg
Azienda Agricola Bisi,Calonga,2020,Provincia di Pavia,Italy,Northern Italy Pinot Noir,3.8,2025-01-25 18:46:53,,3.9,"Vin nr. 9

Calogna, Bisi

spännande vin, mycket annorlunda mot vanliga smaken.syrligt rökig röda bär

smak av röda bär och syrlig. rätt god",,Red Wine,,https://www.vivino.com/wines/174936982,https://images.vivino.com/labels/B7FZAORRRrmesX4VCpl2Rg.jpg
Sartori di Verona,Valdimezzo Valpolicella Ripasso Superiore,2021,Valpolicella Ripasso,Italy,Italian Ripasso,3.7,,,3.8,"Vi  nr.8

Mycket god ripasso, väldigt syrligt
Mycket bra till aperitivo",,Red Wine,,https://www.vivino.com/wines/167457222,
Sartori di Verona,Valdimezzo Valpolicella Ripasso Superiore,2021,Valpolicella Ripasso,Italy,Italian Ripasso,3.7,2025-01-25 16:57:30,,,,,Red Wine,,https://www.vivino.com/wines/167457222,https://images.vivino.com/labels/Jm0s3ZM7RcqlnmQdWLr9gw.jpg
La Cacciatora,Nero d'Avola Terre Sicilia,,Terre Siciliane,Italy,Southern Italy Red,3.0,2025-01-25 16:49:43,,3.2,"Vin nr.7

Ingen höjdare, men extremt bra vin för den lilla peng som lades ut!
skål!",,Red Wine,,https://www.vivino.com/wines/3777397,https://images.vivino.com/labels/pApe44lkTDOwqRYLDBF7xA.jpg
Cantina Valpolicella Negrar,Valpolicella Classico,2021,Valpolicella Classico,Italy,Italian Valpolicella Red,3.3,,,3.5,"Vin nr.6

Till lukten var den inte min smak. Smaken är perfekt till mat",,Red Wine,,https://www.vivino.com/wines/167264631,
Cantina Valpolicella Negrar,Valpolicella Classico,2021,Valpolicella Classico,Italy,Italian Valpolicella Red,3.3,2025-01-25 14:40:20,,,,,Red Wine,,https://www.vivino.com/wines/167264631,https://images.vivino.com/labels/Nb4cCHT5SNK-Axf-BGjAog.jpg
BelColle,Vento di Terra Nebbiolo,2023,Langhe,Italy,Italian Nebbiolo,3.7,,,3.8,"Vin nr.5

Nebbiolo, Langhe 23

Spännande doft, lite rökig i doften.
Lite syrlig men torr i smaken. @[1|68811512|Janine Elverskog]",,Red Wine,,https://www.vivino.com/wines/174129487,
BelColle,Vento di Terra Nebbiolo,2023,Langhe,Italy,Italian Nebbiolo,3.7,2025-01-24 22:14:05,,,,,Red Wine,,https://www.vivino.com/wines/174129487,https://images.vivino.com/labels/2wcEA4KmQV2Vuhsy9qKoKQ.jpg
Tommasi,Valpolicella Ripasso (Classico Superiore),2020,Valpolicella Ripasso,Italy,Italian Ripasso,4.0,,,4.1,"Vin nummer .4 

Valp, Ripasso Tommasi 20
Mycket trevlig, bästa ripasso hittils. Lite syrligare mellansmak!",,Red Wine,,https://www.vivino.com/wines/162918222,
Tommasi,Valpolicella Ripasso (Classico Superiore),2020,Valpolicella Ripasso,Italy,Italian Ripasso,4.0,2025-01-24 16:01:53,,,,,Red Wine,,https://www.vivino.com/wines/162918222,https://images.vivino.com/labels/-_QBmmZGQ2qZKtUyL9R70g.jpg
Varvaglione,12 e Mezzo Primitivo del Salento,2020,Salento,Italy,Southern Italy Primitivo,4.0,2025-01-24 12:31:44,,4.0,"Vin nr3

Mycket lätt, mycket god. perfekt till mat.

Primitivi Salento, 22",,Red Wine,,https://www.vivino.com/wines/163276361,https://images.vivino.com/labels/4Cz7ejcuTSKExLloQbRKlw.jpg
Tomaso Gianolio,Nebbiolo d'Alba,2022,Nebbiolo d'Alba,Italy,Italian Nebbiolo,3.7,,,3.7,"Vin nummer 2.

Nebbiolo D'Alba 2022
Helt okej, inte vanliga smak men gott",,Red Wine,,https://www.vivino.com/wines/176474908,
Tomaso Gianolio,Nebbiolo d'Alba,2022,Nebbiolo d'Alba,Italy,Italian Nebbiolo,3.7,2025-01-23 21:18:50,,,,,Red Wine,,https://www.vivino.com/wines/176474908,https://images.vivino.com/labels/FJrN1iM2R2Sw2fI8hkmfKg.jpg
Villa Mondi,Valpolicella Ripasso,2022,Valpolicella Ripasso,Italy,Italian Ripasso,3.8,,,3.9,"Första vinet på italienweekend(ish)
Valp, Ripasso 2022, Villa Mondi

Väldigt rund i doften, strlig i eftersmaken. @[1|68811512|Janine Elverskog]",,Red Wine,,https://www.vivino.com/wines/172191338,
Villa Mondi,Valpolicella Ripasso,2022,Valpolicella Ripasso,Italy,Italian Ripasso,3.8,2025-01-23 20:36:02,,,,,Red Wine,,https://www.vivino.com/wines/172191338,https://images.vivino.com/labels/yUdHdsB5Ro6EanwQcqu70w.jpg
Mandato,Appassimento,2021,Puglia,Italy,Southern Italy Primitivo,3.8,2025-01-19 17:28:21,,3.5,"lätt, syrlig",,Red Wine,,https://www.vivino.com/wines/172055389,https://images.vivino.com/labels/0bero6B8SD-c0zxBb_TVew.jpg
Luigi Righetti,Amarone della Valpolicella Classico,2021,Amarone della Valpolicella,Italy,Italian Amarone,3.9,2024-12-31 20:30:22,,4.0,,,Red Wine,,https://www.vivino.com/wines/167124481,https://images.vivino.com/labels/YtHM1xVaSB6-7uuS-7cQcA.jpg
Luigi Righetti,Amarone della Valpolicella Classico,2018,Amarone della Valpolicella,Italy,Italian Amarone,3.9,2024-12-31 20:29:48,,,,,Red Wine,,https://www.vivino.com/wines/156313985,https://images.vivino.com/labels/hcDfkZUjRjOzSyFm4eqj5g.jpg
Enzo Bartoli,Barbera d’Asti Superiore,2020,Barbera d'Asti,Italy,Italian Barbera,4.0,2024-12-27 18:42:47,,3.9,,,Red Wine,,https://www.vivino.com/wines/163632553,https://images.vivino.com/labels/v4QpNeGsSt-kC-YI8lpafg.jpg
,,,,,,,2024-12-12 21:28:48,,,,,,,,https://images.vivino.com/labels/w_6vHUxmQpyvXIdMywEPhg.jpg
Cupertinum,Copertino Riserva,2016,Copertino,Italy,Southern Italy Red,3.5,2024-12-12 21:28:00,,3.8,"fylligt men sötare, fruktigare. rätt spännande",,Red Wine,,https://www.vivino.com/wines/146051255,https://images.vivino.com/labels/oNK-pS8_TXOy8TTSmOYEhg.jpg
Vignerons Ardéchois,Basalte du Coiron Syrah,2023,Ardèche,France,French Red,3.6,,,3.1,,helt ok,Red Wine,,https://www.vivino.com/wines/175007857,
Vignerons Ardéchois,Basalte du Coiron Syrah,2021,Ardèche,France,French Red,3.6,2024-12-12 21:25:30,,,,,Red Wine,,https://www.vivino.com/wines/172567796,https://images.vivino.com/labels/6LUCSuhYS5S1rnIdn9exag.jpg
Tre Marchetti,Amarone della Valpolicella,2020,Amarone della Valpolicella,Italy,Italian Amarone,4.0,2024-11-30 17:47:35,,4.1,,,Red Wine,,https://www.vivino.com/wines/169321638,https://images.vivino.com/labels/lHmcpbAlR8SxDobCuEa21w.jpg
Josep Masachs Tradicional,Cava Brut,,Penedès,Spain,Spanish Cava,3.6,2024-11-15 17:36:30,,3.5,,,Sparkling,,https://www.vivino.com/wines/167993947,https://images.vivino.com/labels/AQLiD5lnR3GIoHTdyTnXYg.jpg
Giribaldi,GM Alma Barbera d'Asti,2020,Barbera d'Asti,Italy,Italian Barbera,3.8,2024-11-08 19:30:19,,4.0,"Spännande smakupplevelse, första smakprovet gav inga större förväntningar men den bredde ut sig väldigt snabbt.",,Red Wine,,https://www.vivino.com/wines/170347987,https://images.vivino.com/labels/gsazq1iMTjq6HjBEDbsPFg.jpg
Masi,Campofiorin Rosso Veronese,2019,Rosso Veronese,Italy,Northern Italy Red,3.7,2024-10-22 17:48:54,,4.0,lätt,,Red Wine,,https://www.vivino.com/wines/159340896,https://images.vivino.com/labels/Ev6Z7nigQaW7koQtaoQ1QQ.jpg
Botter,Zecci Valpolicella Ripasso Superiore,2022,Valpolicella Ripasso,Italy,Italian Ripasso,3.9,2024-10-11 17:32:16,,4.0,Mycket god ripasso.,Gottgott,Red Wine,,https://www.vivino.com/wines/172500847,https://images.vivino.com/labels/91VxkVpwRhq2g9w1y4scmA.jpg
Terre Avare,Nero di Troia,2020,Puglia,Italy,Southern Italy Red,3.7,2024-09-27 18:14:27,,4.3,"Puglis förvånar igen, väldigt gott",,Red Wine,,https://www.vivino.com/wines/167158408,https://images.vivino.com/labels/enOhOaAVTWaGnXZmOiiyDg.jpg
El Coto,Crianza,2015,Rioja Alavesa,Spain,Spanish Rioja Red,3.6,2024-09-22 17:20:57,,3.8,Inte min favorit gällande rioja.,,Red Wine,,https://www.vivino.com/wines/14312716,https://images.vivino.com/labels/yVIrG3W8T7-y78beCcrS0A.jpg
Ecoltura,Valpolicella Ripasso,,Valpolicella Ripasso,Italy,Italian Ripasso,3.6,2024-09-10 19:17:22,,3.7,God ripasso.,,Red Wine,,https://www.vivino.com/wines/177936199,https://images.vivino.com/labels/oxiWjAcqQfGi__SUat0r_A.jpg
Camillo Montori,Montepulciano d'Abruzzo,2018,Montepulciano d'Abruzzo,Italy,Italian Montepulciano d'Abruzzo,3.6,2024-08-09 12:10:31,,,,,Red Wine,,https://www.vivino.com/wines/159014715,https://images.vivino.com/labels/j3WvBIniTOG0S5r3qZlGKQ.jpg
Vanzini,Con Tatto Bonarda Frizzante,,Bonarda dell'Oltrepo Pavese,Italy,Italian Sparkling,3.8,,,4.1,"Spännande, dracks i Pavia (Milan). Rött vin med bubblor, inga överväldiga mängder vilket gjorde detta till en unik upplevelse, mycket gott hade provat igen.",,Sparkling,,https://www.vivino.com/wines/169818940,
Cantina di Negrar,Valpolicella Classico,2020,Valpolicella,Italy,Italian Valpolicella Red,3.5,2024-08-05 17:21:07,,3.7,"Billig valp, fungerar men skulle inte köpa igen.",,Red Wine,,https://www.vivino.com/wines/163187982,https://images.vivino.com/labels/6fthqxM7SIyGoO6rQoreVw.jpg
Villarini,Nero d'Avola Organic,2022,Sicilia,Italy,Southern Italy Red,3.7,,,3.8,"Går åt snabbt, väldigt gott till mat.",,Red Wine,,https://www.vivino.com/wines/172630932,
Marqués de Murrieta,Reserva Rioja (Finca Ygay),2015,Rioja,Spain,Spanish Rioja Red,4.1,2024-03-09 16:40:06,,,,,Red Wine,,https://www.vivino.com/wines/14513009,https://images.vivino.com/labels/IDndXk0RS4GxdPDO9efCoA.jpg
Baron de Ley,Rioja Reserva,2018,Rioja,Spain,Spanish Rioja Red,3.9,2024-02-14 18:44:52,,4.2,"Mycket gott rioja, fylligt.",,Red Wine,,https://www.vivino.com/wines/156167269,https://images.vivino.com/labels/taehWfFhSymNiOydfLQmaQ.jpg
Luccarelli,Rosso Puglia,2021,Puglia,Italy,Southern Italy Red,3.8,2023-12-29 17:20:00,,4.2,"Gott till småplock, inget man tröttnar på i första stund.",,Red Wine,,https://www.vivino.com/wines/167081949,https://images.vivino.com/labels/6JAji9IDSJS7JJxrY8jJLQ.jpg
Grand Sud,Merlot,2018,Pays d'Oc,France,Languedoc-Roussillon Red,3.1,2023-12-24 18:51:16,,,,,Red Wine,,https://www.vivino.com/wines/156451467,https://images.vivino.com/labels/9Pd7ixNwTiCd8wPzp7cwWg.jpg
Cair,Retsina Gold Blanc Sec,2018,Rhodes,Greece,,3.2,2023-11-01 21:10:12,,3.3,,,White Wine,,https://www.vivino.com/wines/158617774,https://images.vivino.com/labels/zpY0ElY5QZG4b1cKLmlt4g.jpg
Cair,Retsina Gold Blanc Sec,2018,Rhodes,Greece,,3.2,2023-11-01 20:19:11,,,,,White Wine,,https://www.vivino.com/wines/158617774,https://images.vivino.com/labels/vAifyGcuSNO_jx7vZeWF8g.jpg
Casa Marzoni,Gran Marzoni Appassimento Primiero,2021,Puglia,Italy,Southern Italy Primitivo,4.0,2023-11-01 18:30:29,,4.1,,,Red Wine,,https://www.vivino.com/wines/167685032,https://images.vivino.com/labels/7EskP-sLRVusvD_t4ijmPA.jpg
,,,,,,,2023-11-01 18:30:21,,,,,,,,https://images.vivino.com/labels/Sy7yCFNEQXaLZ9hOyGrD4A.jpg
Mezzacorona,Pinot Nero Trentino,2020,Trentino,Italy,Northern Italy Pinot Noir,3.5,2023-10-16 18:05:07,,,,,Red Wine,,https://www.vivino.com/wines/165064048,https://images.vivino.com/labels/oC4gEnMuQyaFejBMpINRkw.jpg
Villarini,Nero d'Avola Organic,2020,Sicilia,Italy,Southern Italy Red,3.7,2023-10-15 19:23:46,,,,,Red Wine,,https://www.vivino.com/wines/163912477,https://images.vivino.com/labels/iz2Gm_jSRfSXkE1kXRaBSA.jpg
Pata Negra,Valdepeñas Tempranillo Crianza,2017,Valdepeñas,Spain,Spanish Tempranillo,3.5,2023-10-13 17:18:52,,,,,Red Wine,,https://www.vivino.com/wines/152014373,https://images.vivino.com/labels/SG1On1V8R-u8UmGZJWwtdQ.jpg
Pata Negra,Oro Tempranillo Valdepeñas,2017,Valdepeñas,Spain,Spanish Tempranillo,3.6,2023-10-13 17:18:52,,,,,Red Wine,,https://www.vivino.com/wines/150411117,https://images.vivino.com/labels/Kr1UyV6bQPOpp3VdCNxBug.jpg
Ruppertsberger,Riesling Hofstück,2022,Pfalz,Germany,German Riesling,3.8,2023-09-09 09:16:10,,3.7,,,White Wine,,https://www.vivino.com/wines/170808566,https://images.vivino.com/labels/nIKX-o62R2-Ux3Ayhz_KxA.jpg
Crudo,Catarratto - Zibibbo,,Terre Siciliane,Italy,Southern Italy White,3.9,,,3.3,,,White Wine,,https://www.vivino.com/wines/143192661,
